[32m[Nest] 72540  - [39m2026/04/13 22:50:48 [32m    LOG[39m [38;5;3m[NestFactory] [39m[32mStarting Nest application...[39m
[32m[Nest] 72540  - [39m2026/04/13 22:50:48 [32m    LOG[39m [38;5;3m[InstanceLoader] [39m[32mTypeOrmModule dependencies initialized[39m[38;5;3m +19ms[39m
[32m[Nest] 72540  - [39m2026/04/13 22:50:48 [32m    LOG[39m [38;5;3m[InstanceLoader] [39m[32mPassportModule dependencies initialized[39m[38;5;3m +1ms[39m
[32m[Nest] 72540  - [39m2026/04/13 22:50:48 [32m    LOG[39m [38;5;3m[InstanceLoader] [39m[32mConfigHostModule dependencies initialized[39m[38;5;3m +0ms[39m
[32m[Nest] 72540  - [39m2026/04/13 22:50:48 [32m    LOG[39m [38;5;3m[InstanceLoader] [39m[32mConfigModule dependencies initialized[39m[38;5;3m +2ms[39m
[32m[Nest] 72540  - [39m2026/04/13 22:50:48 [32m    LOG[39m [38;5;3m[InstanceLoader] [39m[32mConfigModule dependencies initialized[39m[38;5;3m +0ms[39m
[32m[Nest] 72540  - [39m2026/04/13 22:50:48 [32m    LOG[39m [38;5;3m[InstanceLoader] [39m[32mJwtModule dependencies initialized[39m[38;5;3m +151ms[39m
[32m[Nest] 72540  - [39m2026/04/13 22:50:48 [32m    LOG[39m [38;5;3m[InstanceLoader] [39m[32mAppModule dependencies initialized[39m[38;5;3m +1ms[39m
query: SELECT version()
[32m[Nest] 72540  - [39m2026/04/13 22:50:48 [32m    LOG[39m [38;5;3m[InstanceLoader] [39m[32mTypeOrmCoreModule dependencies initialized[39m[38;5;3m +65ms[39m
[32m[Nest] 72540  - [39m2026/04/13 22:50:48 [32m    LOG[39m [38;5;3m[InstanceLoader] [39m[32mTypeOrmModule dependencies initialized[39m[38;5;3m +1ms[39m
[32m[Nest] 72540  - [39m2026/04/13 22:50:48 [32m    LOG[39m [38;5;3m[InstanceLoader] [39m[32mTypeOrmModule dependencies initialized[39m[38;5;3m +0ms[39m
[32m[Nest] 72540  - [39m2026/04/13 22:50:48 [32m    LOG[39m [38;5;3m[InstanceLoader] [39m[32mTypeOrmModule dependencies initialized[39m[38;5;3m +0ms[39m
[32m[Nest] 72540  - [39m2026/04/13 22:50:48 [32m    LOG[39m [38;5;3m[InstanceLoader] [39m[32mTypeOrmModule dependencies initialized[39m[38;5;3m +0ms[39m
[32m[Nest] 72540  - [39m2026/04/13 22:50:48 [32m    LOG[39m [38;5;3m[InstanceLoader] [39m[32mTypeOrmModule dependencies initialized[39m[38;5;3m +0ms[39m
[32m[Nest] 72540  - [39m2026/04/13 22:50:48 [32m    LOG[39m [38;5;3m[InstanceLoader] [39m[32mTypeOrmModule dependencies initialized[39m[38;5;3m +0ms[39m
[32m[Nest] 72540  - [39m2026/04/13 22:50:48 [32m    LOG[39m [38;5;3m[InstanceLoader] [39m[32mTypeOrmModule dependencies initialized[39m[38;5;3m +0ms[39m
[32m[Nest] 72540  - [39m2026/04/13 22:50:48 [32m    LOG[39m [38;5;3m[InstanceLoader] [39m[32mTypeOrmModule dependencies initialized[39m[38;5;3m +1ms[39m
[32m[Nest] 72540  - [39m2026/04/13 22:50:48 [32m    LOG[39m [38;5;3m[InstanceLoader] [39m[32mTypeOrmModule dependencies initialized[39m[38;5;3m +0ms[39m
[32m[Nest] 72540  - [39m2026/04/13 22:50:48 [32m    LOG[39m [38;5;3m[InstanceLoader] [39m[32mTypeOrmModule dependencies initialized[39m[38;5;3m +0ms[39m
[32m[Nest] 72540  - [39m2026/04/13 22:50:48 [32m    LOG[39m [38;5;3m[InstanceLoader] [39m[32mTypeOrmModule dependencies initialized[39m[38;5;3m +0ms[39m
[32m[Nest] 72540  - [39m2026/04/13 22:50:48 [32m    LOG[39m [38;5;3m[InstanceLoader] [39m[32mTypeOrmModule dependencies initialized[39m[38;5;3m +0ms[39m
[32m[Nest] 72540  - [39m2026/04/13 22:50:48 [32m    LOG[39m [38;5;3m[InstanceLoader] [39m[32mTypeOrmModule dependencies initialized[39m[38;5;3m +0ms[39m
[32m[Nest] 72540  - [39m2026/04/13 22:50:48 [32m    LOG[39m [38;5;3m[InstanceLoader] [39m[32mTypeOrmModule dependencies initialized[39m[38;5;3m +0ms[39m
[32m[Nest] 72540  - [39m2026/04/13 22:50:48 [32m    LOG[39m [38;5;3m[InstanceLoader] [39m[32mTypeOrmModule dependencies initialized[39m[38;5;3m +0ms[39m
[32m[Nest] 72540  - [39m2026/04/13 22:50:48 [32m    LOG[39m [38;5;3m[InstanceLoader] [39m[32mAuthModule dependencies initialized[39m[38;5;3m +2ms[39m
[32m[Nest] 72540  - [39m2026/04/13 22:50:48 [32m    LOG[39m [38;5;3m[InstanceLoader] [39m[32mDownloadModule dependencies initialized[39m[38;5;3m +0ms[39m
[32m[Nest] 72540  - [39m2026/04/13 22:50:48 [32m    LOG[39m [38;5;3m[InstanceLoader] [39m[32mStatisticsModule dependencies initialized[39m[38;5;3m +1ms[39m
[32m[Nest] 72540  - [39m2026/04/13 22:50:48 [32m    LOG[39m [38;5;3m[InstanceLoader] [39m[32mOperationLogModule dependencies initialized[39m[38;5;3m +0ms[39m
[32m[Nest] 72540  - [39m2026/04/13 22:50:48 [32m    LOG[39m [38;5;3m[InstanceLoader] [39m[32mLoginLogModule dependencies initialized[39m[38;5;3m +0ms[39m
[32m[Nest] 72540  - [39m2026/04/13 22:50:48 [32m    LOG[39m [38;5;3m[InstanceLoader] [39m[32mUserModule dependencies initialized[39m[38;5;3m +0ms[39m
[32m[Nest] 72540  - [39m2026/04/13 22:50:48 [32m    LOG[39m [38;5;3m[InstanceLoader] [39m[32mDepartmentModule dependencies initialized[39m[38;5;3m +1ms[39m
[32m[Nest] 72540  - [39m2026/04/13 22:50:48 [32m    LOG[39m [38;5;3m[InstanceLoader] [39m[32mPermissionModule dependencies initialized[39m[38;5;3m +0ms[39m
[32m[Nest] 72540  - [39m2026/04/13 22:50:48 [32m    LOG[39m [38;5;3m[InstanceLoader] [39m[32mProjectModule dependencies initialized[39m[38;5;3m +0ms[39m
[32m[Nest] 72540  - [39m2026/04/13 22:50:48 [32m    LOG[39m [38;5;3m[InstanceLoader] [39m[32mSkillCategoryModule dependencies initialized[39m[38;5;3m +0ms[39m
[32m[Nest] 72540  - [39m2026/04/13 22:50:48 [32m    LOG[39m [38;5;3m[InstanceLoader] [39m[32mReviewModule dependencies initialized[39m[38;5;3m +0ms[39m
[32m[Nest] 72540  - [39m2026/04/13 22:50:48 [32m    LOG[39m [38;5;3m[InstanceLoader] [39m[32mRatingModule dependencies initialized[39m[38;5;3m +0ms[39m
[32m[Nest] 72540  - [39m2026/04/13 22:50:48 [32m    LOG[39m [38;5;3m[InstanceLoader] [39m[32mFeedbackModule dependencies initialized[39m[38;5;3m +0ms[39m
[32m[Nest] 72540  - [39m2026/04/13 22:50:48 [32m    LOG[39m [38;5;3m[InstanceLoader] [39m[32mNotificationModule dependencies initialized[39m[38;5;3m +0ms[39m
[32m[Nest] 72540  - [39m2026/04/13 22:50:48 [32m    LOG[39m [38;5;3m[InstanceLoader] [39m[32mSkillModule dependencies initialized[39m[38;5;3m +0ms[39m
[32m[Nest] 72540  - [39m2026/04/13 22:50:48 [32m    LOG[39m [38;5;3m[RoutesResolver] [39m[32mAuthController {/api/auth}:[39m[38;5;3m +38ms[39m
[32m[Nest] 72540  - [39m2026/04/13 22:50:48 [32m    LOG[39m [38;5;3m[RouterExplorer] [39m[32mMapped {/api/auth/login, POST} route[39m[38;5;3m +3ms[39m
[32m[Nest] 72540  - [39m2026/04/13 22:50:48 [32m    LOG[39m [38;5;3m[RouterExplorer] [39m[32mMapped {/api/auth/profile, GET} route[39m[38;5;3m +0ms[39m
[32m[Nest] 72540  - [39m2026/04/13 22:50:48 [32m    LOG[39m [38;5;3m[RoutesResolver] [39m[32mUserController {/api/users}:[39m[38;5;3m +0ms[39m
[32m[Nest] 72540  - [39m2026/04/13 22:50:48 [32m    LOG[39m [38;5;3m[RouterExplorer] [39m[32mMapped {/api/users, GET} route[39m[38;5;3m +1ms[39m
[32m[Nest] 72540  - [39m2026/04/13 22:50:48 [32m    LOG[39m [38;5;3m[RouterExplorer] [39m[32mMapped {/api/users/profile/me, GET} route[39m[38;5;3m +0ms[39m
[32m[Nest] 72540  - [39m2026/04/13 22:50:48 [32m    LOG[39m [38;5;3m[RouterExplorer] [39m[32mMapped {/api/users/:id, GET} route[39m[38;5;3m +1ms[39m
[32m[Nest] 72540  - [39m2026/04/13 22:50:48 [32m    LOG[39m [38;5;3m[RouterExplorer] [39m[32mMapped {/api/users, POST} route[39m[38;5;3m +0ms[39m
[32m[Nest] 72540  - [39m2026/04/13 22:50:48 [32m    LOG[39m [38;5;3m[RouterExplorer] [39m[32mMapped {/api/users/:id, PUT} route[39m[38;5;3m +1ms[39m
[32m[Nest] 72540  - [39m2026/04/13 22:50:48 [32m    LOG[39m [38;5;3m[RouterExplorer] [39m[32mMapped {/api/users/:id, DELETE} route[39m[38;5;3m +0ms[39m
[32m[Nest] 72540  - [39m2026/04/13 22:50:48 [32m    LOG[39m [38;5;3m[RoutesResolver] [39m[32mDepartmentController {/api/departments}:[39m[38;5;3m +0ms[39m
[32m[Nest] 72540  - [39m2026/04/13 22:50:48 [32m    LOG[39m [38;5;3m[RouterExplorer] [39m[32mMapped {/api/departments, GET} route[39m[38;5;3m +1ms[39m
[32m[Nest] 72540  - [39m2026/04/13 22:50:48 [32m    LOG[39m [38;5;3m[RouterExplorer] [39m[32mMapped {/api/departments/tree, GET} route[39m[38;5;3m +0ms[39m
[32m[Nest] 72540  - [39m2026/04/13 22:50:48 [32m    LOG[39m [38;5;3m[RouterExplorer] [39m[32mMapped {/api/departments/:id, GET} route[39m[38;5;3m +1ms[39m
[32m[Nest] 72540  - [39m2026/04/13 22:50:48 [32m    LOG[39m [38;5;3m[RouterExplorer] [39m[32mMapped {/api/departments/:id/members, GET} route[39m[38;5;3m +0ms[39m
[32m[Nest] 72540  - [39m2026/04/13 22:50:48 [32m    LOG[39m [38;5;3m[RouterExplorer] [39m[32mMapped {/api/departments, POST} route[39m[38;5;3m +0ms[39m
[32m[Nest] 72540  - [39m2026/04/13 22:50:48 [32m    LOG[39m [38;5;3m[RouterExplorer] [39m[32mMapped {/api/departments/:id, PUT} route[39m[38;5;3m +1ms[39m
[32m[Nest] 72540  - [39m2026/04/13 22:50:48 [32m    LOG[39m [38;5;3m[RouterExplorer] [39m[32mMapped {/api/departments/:id, DELETE} route[39m[38;5;3m +0ms[39m
[32m[Nest] 72540  - [39m2026/04/13 22:50:48 [32m    LOG[39m [38;5;3m[RoutesResolver] [39m[32mPermissionController {/api/permissions}:[39m[38;5;3m +0ms[39m
[32m[Nest] 72540  - [39m2026/04/13 22:50:48 [32m    LOG[39m [38;5;3m[RouterExplorer] [39m[32mMapped {/api/permissions, GET} route[39m[38;5;3m +1ms[39m
[32m[Nest] 72540  - [39m2026/04/13 22:50:48 [32m    LOG[39m [38;5;3m[RouterExplorer] [39m[32mMapped {/api/permissions/user/:userId, GET} route[39m[38;5;3m +0ms[39m
[32m[Nest] 72540  - [39m2026/04/13 22:50:48 [32m    LOG[39m [38;5;3m[RouterExplorer] [39m[32mMapped {/api/permissions/assign, POST} route[39m[38;5;3m +0ms[39m
[32m[Nest] 72540  - [39m2026/04/13 22:50:48 [32m    LOG[39m [38;5;3m[RoutesResolver] [39m[32mProjectController {/api/projects}:[39m[38;5;3m +0ms[39m
[32m[Nest] 72540  - [39m2026/04/13 22:50:48 [32m    LOG[39m [38;5;3m[RouterExplorer] [39m[32mMapped {/api/projects, GET} route[39m[38;5;3m +1ms[39m
[32m[Nest] 72540  - [39m2026/04/13 22:50:48 [32m    LOG[39m [38;5;3m[RouterExplorer] [39m[32mMapped {/api/projects/:id, GET} route[39m[38;5;3m +0ms[39m
[32m[Nest] 72540  - [39m2026/04/13 22:50:48 [32m    LOG[39m [38;5;3m[RouterExplorer] [39m[32mMapped {/api/projects/:id/members, GET} route[39m[38;5;3m +0ms[39m
[32m[Nest] 72540  - [39m2026/04/13 22:50:48 [32m    LOG[39m [38;5;3m[RouterExplorer] [39m[32mMapped {/api/projects, POST} route[39m[38;5;3m +1ms[39m
[32m[Nest] 72540  - [39m2026/04/13 22:50:48 [32m    LOG[39m [38;5;3m[RouterExplorer] [39m[32mMapped {/api/projects/:id, PUT} route[39m[38;5;3m +0ms[39m
[32m[Nest] 72540  - [39m2026/04/13 22:50:48 [32m    LOG[39m [38;5;3m[RouterExplorer] [39m[32mMapped {/api/projects/:id, DELETE} route[39m[38;5;3m +0ms[39m
[32m[Nest] 72540  - [39m2026/04/13 22:50:48 [32m    LOG[39m [38;5;3m[RouterExplorer] [39m[32mMapped {/api/projects/:id/members, POST} route[39m[38;5;3m +1ms[39m
[32m[Nest] 72540  - [39m2026/04/13 22:50:48 [32m    LOG[39m [38;5;3m[RouterExplorer] [39m[32mMapped {/api/projects/:id/members/:userId, DELETE} route[39m[38;5;3m +0ms[39m
[32m[Nest] 72540  - [39m2026/04/13 22:50:48 [32m    LOG[39m [38;5;3m[RouterExplorer] [39m[32mMapped {/api/projects/:id/skills, POST} route[39m[38;5;3m +0ms[39m
[32m[Nest] 72540  - [39m2026/04/13 22:50:48 [32m    LOG[39m [38;5;3m[RouterExplorer] [39m[32mMapped {/api/projects/:id/skills/:skillId, DELETE} route[39m[38;5;3m +0ms[39m
[32m[Nest] 72540  - [39m2026/04/13 22:50:48 [32m    LOG[39m [38;5;3m[RoutesResolver] [39m[32mSkillCategoryController {/api/skill-categories}:[39m[38;5;3m +1ms[39m
[32m[Nest] 72540  - [39m2026/04/13 22:50:48 [32m    LOG[39m [38;5;3m[RouterExplorer] [39m[32mMapped {/api/skill-categories, GET} route[39m[38;5;3m +0ms[39m
[32m[Nest] 72540  - [39m2026/04/13 22:50:48 [32m    LOG[39m [38;5;3m[RouterExplorer] [39m[32mMapped {/api/skill-categories/:id, GET} route[39m[38;5;3m +1ms[39m
[32m[Nest] 72540  - [39m2026/04/13 22:50:48 [32m    LOG[39m [38;5;3m[RouterExplorer] [39m[32mMapped {/api/skill-categories, POST} route[39m[38;5;3m +0ms[39m
[32m[Nest] 72540  - [39m2026/04/13 22:50:48 [32m    LOG[39m [38;5;3m[RouterExplorer] [39m[32mMapped {/api/skill-categories/:id, PUT} route[39m[38;5;3m +0ms[39m
[32m[Nest] 72540  - [39m2026/04/13 22:50:48 [32m    LOG[39m [38;5;3m[RouterExplorer] [39m[32mMapped {/api/skill-categories/:id, DELETE} route[39m[38;5;3m +0ms[39m
[32m[Nest] 72540  - [39m2026/04/13 22:50:49 [32m    LOG[39m [38;5;3m[RoutesResolver] [39m[32mSkillController {/api/skills}:[39m[38;5;3m +1ms[39m
[32m[Nest] 72540  - [39m2026/04/13 22:50:49 [32m    LOG[39m [38;5;3m[RouterExplorer] [39m[32mMapped {/api/skills, GET} route[39m[38;5;3m +0ms[39m
[32m[Nest] 72540  - [39m2026/04/13 22:50:49 [32m    LOG[39m [38;5;3m[RouterExplorer] [39m[32mMapped {/api/skills/all, GET} route[39m[38;5;3m +0ms[39m
[32m[Nest] 72540  - [39m2026/04/13 22:50:49 [32m    LOG[39m [38;5;3m[RouterExplorer] [39m[32mMapped {/api/skills/my-submissions, GET} route[39m[38;5;3m +1ms[39m
[32m[Nest] 72540  - [39m2026/04/13 22:50:49 [32m    LOG[39m [38;5;3m[RouterExplorer] [39m[32mMapped {/api/skills/:id, GET} route[39m[38;5;3m +0ms[39m
[32m[Nest] 72540  - [39m2026/04/13 22:50:49 [32m    LOG[39m [38;5;3m[RouterExplorer] [39m[32mMapped {/api/skills, POST} route[39m[38;5;3m +0ms[39m
[32m[Nest] 72540  - [39m2026/04/13 22:50:49 [32m    LOG[39m [38;5;3m[RouterExplorer] [39m[32mMapped {/api/skills/:id, PUT} route[39m[38;5;3m +1ms[39m
[32m[Nest] 72540  - [39m2026/04/13 22:50:49 [32m    LOG[39m [38;5;3m[RouterExplorer] [39m[32mMapped {/api/skills/:id/versions, POST} route[39m[38;5;3m +0ms[39m
[32m[Nest] 72540  - [39m2026/04/13 22:50:49 [32m    LOG[39m [38;5;3m[RouterExplorer] [39m[32mMapped {/api/skills/:id/versions, GET} route[39m[38;5;3m +0ms[39m
[32m[Nest] 72540  - [39m2026/04/13 22:50:49 [32m    LOG[39m [38;5;3m[RouterExplorer] [39m[32mMapped {/api/skills/:id/publish, POST} route[39m[38;5;3m +1ms[39m
[32m[Nest] 72540  - [39m2026/04/13 22:50:49 [32m    LOG[39m [38;5;3m[RouterExplorer] [39m[32mMapped {/api/skills/:id/offline, POST} route[39m[38;5;3m +0ms[39m
[32m[Nest] 72540  - [39m2026/04/13 22:50:49 [32m    LOG[39m [38;5;3m[RouterExplorer] [39m[32mMapped {/api/skills/:id/resubmit, POST} route[39m[38;5;3m +0ms[39m
[32m[Nest] 72540  - [39m2026/04/13 22:50:49 [32m    LOG[39m [38;5;3m[RouterExplorer] [39m[32mMapped {/api/skills/:skillId/versions/:versionId/download, GET} route[39m[38;5;3m +1ms[39m
[32m[Nest] 72540  - [39m2026/04/13 22:50:49 [32m    LOG[39m [38;5;3m[RoutesResolver] [39m[32mDownloadController {/api/downloads}:[39m[38;5;3m +0ms[39m
[32m[Nest] 72540  - [39m2026/04/13 22:50:49 [32m    LOG[39m [38;5;3m[RouterExplorer] [39m[32mMapped {/api/downloads/my/skills, GET} route[39m[38;5;3m +0ms[39m
[32m[Nest] 72540  - [39m2026/04/13 22:50:49 [32m    LOG[39m [38;5;3m[RouterExplorer] [39m[32mMapped {/api/downloads/my/records, GET} route[39m[38;5;3m +0ms[39m
[32m[Nest] 72540  - [39m2026/04/13 22:50:49 [32m    LOG[39m [38;5;3m[RouterExplorer] [39m[32mMapped {/api/downloads/stats, GET} route[39m[38;5;3m +1ms[39m
[32m[Nest] 72540  - [39m2026/04/13 22:50:49 [32m    LOG[39m [38;5;3m[RoutesResolver] [39m[32mReviewController {/api/reviews}:[39m[38;5;3m +0ms[39m
[32m[Nest] 72540  - [39m2026/04/13 22:50:49 [32m    LOG[39m [38;5;3m[RouterExplorer] [39m[32mMapped {/api/reviews/pending, GET} route[39m[38;5;3m +0ms[39m
[32m[Nest] 72540  - [39m2026/04/13 22:50:49 [32m    LOG[39m [38;5;3m[RouterExplorer] [39m[32mMapped {/api/reviews/all, GET} route[39m[38;5;3m +1ms[39m
[32m[Nest] 72540  - [39m2026/04/13 22:50:49 [32m    LOG[39m [38;5;3m[RouterExplorer] [39m[32mMapped {/api/reviews/assign, POST} route[39m[38;5;3m +0ms[39m
[32m[Nest] 72540  - [39m2026/04/13 22:50:49 [32m    LOG[39m [38;5;3m[RouterExplorer] [39m[32mMapped {/api/reviews/:id/action, POST} route[39m[38;5;3m +0ms[39m
[32m[Nest] 72540  - [39m2026/04/13 22:50:49 [32m    LOG[39m [38;5;3m[RoutesResolver] [39m[32mRatingController {/api/ratings}:[39m[38;5;3m +1ms[39m
[32m[Nest] 72540  - [39m2026/04/13 22:50:49 [32m    LOG[39m [38;5;3m[RouterExplorer] [39m[32mMapped {/api/ratings, POST} route[39m[38;5;3m +0ms[39m
[32m[Nest] 72540  - [39m2026/04/13 22:50:49 [32m    LOG[39m [38;5;3m[RouterExplorer] [39m[32mMapped {/api/ratings/skill/:skillId, GET} route[39m[38;5;3m +0ms[39m
[32m[Nest] 72540  - [39m2026/04/13 22:50:49 [32m    LOG[39m [38;5;3m[RouterExplorer] [39m[32mMapped {/api/ratings/my, GET} route[39m[38;5;3m +0ms[39m
[32m[Nest] 72540  - [39m2026/04/13 22:50:49 [32m    LOG[39m [38;5;3m[RoutesResolver] [39m[32mFeedbackController {/api/feedbacks}:[39m[38;5;3m +0ms[39m
[32m[Nest] 72540  - [39m2026/04/13 22:50:49 [32m    LOG[39m [38;5;3m[RouterExplorer] [39m[32mMapped {/api/feedbacks, POST} route[39m[38;5;3m +1ms[39m
[32m[Nest] 72540  - [39m2026/04/13 22:50:49 [32m    LOG[39m [38;5;3m[RouterExplorer] [39m[32mMapped {/api/feedbacks/skill/:skillId, GET} route[39m[38;5;3m +0ms[39m
[32m[Nest] 72540  - [39m2026/04/13 22:50:49 [32m    LOG[39m [38;5;3m[RouterExplorer] [39m[32mMapped {/api/feedbacks/my, GET} route[39m[38;5;3m +0ms[39m
[32m[Nest] 72540  - [39m2026/04/13 22:50:49 [32m    LOG[39m [38;5;3m[RouterExplorer] [39m[32mMapped {/api/feedbacks/all, GET} route[39m[38;5;3m +0ms[39m
[32m[Nest] 72540  - [39m2026/04/13 22:50:49 [32m    LOG[39m [38;5;3m[RouterExplorer] [39m[32mMapped {/api/feedbacks/:id/invalid, PUT} route[39m[38;5;3m +1ms[39m
[32m[Nest] 72540  - [39m2026/04/13 22:50:49 [32m    LOG[39m [38;5;3m[RoutesResolver] [39m[32mNotificationController {/api/notifications}:[39m[38;5;3m +0ms[39m
[32m[Nest] 72540  - [39m2026/04/13 22:50:49 [32m    LOG[39m [38;5;3m[RouterExplorer] [39m[32mMapped {/api/notifications, GET} route[39m[38;5;3m +0ms[39m
[32m[Nest] 72540  - [39m2026/04/13 22:50:49 [32m    LOG[39m [38;5;3m[RouterExplorer] [39m[32mMapped {/api/notifications/unread-count, GET} route[39m[38;5;3m +0ms[39m
[32m[Nest] 72540  - [39m2026/04/13 22:50:49 [32m    LOG[39m [38;5;3m[RouterExplorer] [39m[32mMapped {/api/notifications/:id/read, PUT} route[39m[38;5;3m +1ms[39m
[32m[Nest] 72540  - [39m2026/04/13 22:50:49 [32m    LOG[39m [38;5;3m[RouterExplorer] [39m[32mMapped {/api/notifications/read-all, PUT} route[39m[38;5;3m +0ms[39m
[32m[Nest] 72540  - [39m2026/04/13 22:50:49 [32m    LOG[39m [38;5;3m[RouterExplorer] [39m[32mMapped {/api/notifications/:id, DELETE} route[39m[38;5;3m +0ms[39m
[32m[Nest] 72540  - [39m2026/04/13 22:50:49 [32m    LOG[39m [38;5;3m[RoutesResolver] [39m[32mStatisticsController {/api/statistics}:[39m[38;5;3m +0ms[39m
[32m[Nest] 72540  - [39m2026/04/13 22:50:49 [32m    LOG[39m [38;5;3m[RouterExplorer] [39m[32mMapped {/api/statistics/overview, GET} route[39m[38;5;3m +0ms[39m
[32m[Nest] 72540  - [39m2026/04/13 22:50:49 [32m    LOG[39m [38;5;3m[RouterExplorer] [39m[32mMapped {/api/statistics/dashboard, GET} route[39m[38;5;3m +1ms[39m
[32m[Nest] 72540  - [39m2026/04/13 22:50:49 [32m    LOG[39m [38;5;3m[RouterExplorer] [39m[32mMapped {/api/statistics/by-category, GET} route[39m[38;5;3m +0ms[39m
[32m[Nest] 72540  - [39m2026/04/13 22:50:49 [32m    LOG[39m [38;5;3m[RouterExplorer] [39m[32mMapped {/api/statistics/top-downloads, GET} route[39m[38;5;3m +0ms[39m
[32m[Nest] 72540  - [39m2026/04/13 22:50:49 [32m    LOG[39m [38;5;3m[RouterExplorer] [39m[32mMapped {/api/statistics/rating-distribution, GET} route[39m[38;5;3m +1ms[39m
[32m[Nest] 72540  - [39m2026/04/13 22:50:49 [32m    LOG[39m [38;5;3m[RouterExplorer] [39m[32mMapped {/api/statistics/download-trend, GET} route[39m[38;5;3m +0ms[39m
[32m[Nest] 72540  - [39m2026/04/13 22:50:49 [32m    LOG[39m [38;5;3m[RouterExplorer] [39m[32mMapped {/api/statistics/by-rating, GET} route[39m[38;5;3m +0ms[39m
[32m[Nest] 72540  - [39m2026/04/13 22:50:49 [32m    LOG[39m [38;5;3m[RouterExplorer] [39m[32mMapped {/api/statistics/by-download, GET} route[39m[38;5;3m +1ms[39m
[32m[Nest] 72540  - [39m2026/04/13 22:50:49 [32m    LOG[39m [38;5;3m[RouterExplorer] [39m[32mMapped {/api/statistics/by-project, GET} route[39m[38;5;3m +0ms[39m
[32m[Nest] 72540  - [39m2026/04/13 22:50:49 [32m    LOG[39m [38;5;3m[RouterExplorer] [39m[32mMapped {/api/statistics/by-user, GET} route[39m[38;5;3m +1ms[39m
[32m[Nest] 72540  - [39m2026/04/13 22:50:49 [32m    LOG[39m [38;5;3m[RouterExplorer] [39m[32mMapped {/api/statistics/timeline, GET} route[39m[38;5;3m +1ms[39m
[32m[Nest] 72540  - [39m2026/04/13 22:50:49 [32m    LOG[39m [38;5;3m[RouterExplorer] [39m[32mMapped {/api/statistics/export/:type, GET} route[39m[38;5;3m +0ms[39m
[32m[Nest] 72540  - [39m2026/04/13 22:50:49 [32m    LOG[39m [38;5;3m[RoutesResolver] [39m[32mOperationLogController {/api/operation-logs}:[39m[38;5;3m +1ms[39m
[32m[Nest] 72540  - [39m2026/04/13 22:50:49 [32m    LOG[39m [38;5;3m[RouterExplorer] [39m[32mMapped {/api/operation-logs, GET} route[39m[38;5;3m +1ms[39m
[32m[Nest] 72540  - [39m2026/04/13 22:50:49 [32m    LOG[39m [38;5;3m[RoutesResolver] [39m[32mLoginLogController {/api/login-logs}:[39m[38;5;3m +0ms[39m
[32m[Nest] 72540  - [39m2026/04/13 22:50:49 [32m    LOG[39m [38;5;3m[RouterExplorer] [39m[32mMapped {/api/login-logs, GET} route[39m[38;5;3m +1ms[39m
[32m[Nest] 72540  - [39m2026/04/13 22:50:49 [32m    LOG[39m [38;5;3m[NestApplication] [39m[32mNest application successfully started[39m[38;5;3m +3ms[39m
Application is running on: http://localhost:3111
Swagger docs: http://localhost:3111/api-docs
query: SELECT `user`.`id` AS `user_id`, `user`.`username` AS `user_username`, `user`.`real_name` AS `user_real_name`, `user`.`department_id` AS `user_department_id`, `user`.`email` AS `user_email`, `user`.`phone` AS `user_phone`, `user`.`status` AS `user_status`, `user`.`created_at` AS `user_created_at`, `user`.`updated_at` AS `user_updated_at`, `user`.`password` AS `user_password` FROM `users` `user` WHERE `user`.`username` = ? -- PARAMETERS: ["admin"]
query: SELECT `UserPermission`.`id` AS `UserPermission_id`, `UserPermission`.`user_id` AS `UserPermission_user_id`, `UserPermission`.`permission_id` AS `UserPermission_permission_id`, `UserPermission`.`assigned_by` AS `UserPermission_assigned_by`, `UserPermission`.`assigned_at` AS `UserPermission_assigned_at`, `UserPermission__UserPermission_permission`.`id` AS `UserPermission__UserPermission_permission_id`, `UserPermission__UserPermission_permission`.`code` AS `UserPermission__UserPermission_permission_code`, `UserPermission__UserPermission_permission`.`name` AS `UserPermission__UserPermission_permission_name`, `UserPermission__UserPermission_permission`.`description` AS `UserPermission__UserPermission_permission_description`, `UserPermission__UserPermission_permission`.`created_at` AS `UserPermission__UserPermission_permission_created_at` FROM `user_permissions` `UserPermission` LEFT JOIN `permissions` `UserPermission__UserPermission_permission` ON `UserPermission__UserPermission_permission`.`id`=`UserPermission`.`permission_id` WHERE ((`UserPermission`.`user_id` = ?)) -- PARAMETERS: ["1"]
query: START TRANSACTION
query: INSERT INTO `skills`(`id`, `unique_id`, `name`, `summary`, `detail`, `author`, `category_id`, `source_type`, `source_url`, `source_url_name`, `submitter_id`, `status`, `visibility_type`, `created_at`, `updated_at`) VALUES (DEFAULT, ?, ?, ?, ?, ?, ?, ?, DEFAULT, DEFAULT, ?, ?, ?, DEFAULT, DEFAULT) -- PARAMETERS: ["0d7c198d-affb-4244-9535-1c0a478af829","Test Skill Final","Test summary","Test detail","Test author",1,"internal",1,"pending_review","all"]
query: SELECT `Skill`.`id` AS `Skill_id`, `Skill`.`status` AS `Skill_status`, `Skill`.`visibility_type` AS `Skill_visibility_type`, `Skill`.`created_at` AS `Skill_created_at`, `Skill`.`updated_at` AS `Skill_updated_at` FROM `skills` `Skill` WHERE `Skill`.`id` = ? -- PARAMETERS: ["6"]
query: COMMIT
query: START TRANSACTION
query: INSERT INTO `skill_versions`(`id`, `skill_id`, `version_number`, `zip_path`, `zip_size`, `change_log`, `uploader_id`, `status`, `created_at`) VALUES (DEFAULT, ?, ?, ?, ?, DEFAULT, ?, ?, DEFAULT) -- PARAMETERS: ["6","1.0.0","uploads\\0903475dac840bfcb7321e03803073f6",109,1,"pending_review"]
query: SELECT `SkillVersion`.`id` AS `SkillVersion_id`, `SkillVersion`.`status` AS `SkillVersion_status`, `SkillVersion`.`created_at` AS `SkillVersion_created_at` FROM `skill_versions` `SkillVersion` WHERE `SkillVersion`.`id` = ? -- PARAMETERS: ["1"]
query: COMMIT
query: DELETE FROM `skill_visibility` WHERE `skill_id` = ? -- PARAMETERS: ["6"]
query: SELECT DISTINCT `distinctAlias`.`Skill_id` AS `ids_Skill_id` FROM (SELECT `Skill`.`id` AS `Skill_id`, `Skill`.`unique_id` AS `Skill_unique_id`, `Skill`.`name` AS `Skill_name`, `Skill`.`summary` AS `Skill_summary`, `Skill`.`detail` AS `Skill_detail`, `Skill`.`author` AS `Skill_author`, `Skill`.`category_id` AS `Skill_category_id`, `Skill`.`source_type` AS `Skill_source_type`, `Skill`.`source_url` AS `Skill_source_url`, `Skill`.`source_url_name` AS `Skill_source_url_name`, `Skill`.`submitter_id` AS `Skill_submitter_id`, `Skill`.`status` AS `Skill_status`, `Skill`.`visibility_type` AS `Skill_visibility_type`, `Skill`.`created_at` AS `Skill_created_at`, `Skill`.`updated_at` AS `Skill_updated_at`, `Skill__Skill_category`.`id` AS `Skill__Skill_category_id`, `Skill__Skill_category`.`name` AS `Skill__Skill_category_name`, `Skill__Skill_category`.`description` AS `Skill__Skill_category_description`, `Skill__Skill_category`.`sort_order` AS `Skill__Skill_category_sort_order`, `Skill__Skill_category`.`created_at` AS `Skill__Skill_category_created_at`, `Skill__Skill_submitter`.`id` AS `Skill__Skill_submitter_id`, `Skill__Skill_submitter`.`username` AS `Skill__Skill_submitter_username`, `Skill__Skill_submitter`.`real_name` AS `Skill__Skill_submitter_real_name`, `Skill__Skill_submitter`.`department_id` AS `Skill__Skill_submitter_department_id`, `Skill__Skill_submitter`.`email` AS `Skill__Skill_submitter_email`, `Skill__Skill_submitter`.`phone` AS `Skill__Skill_submitter_phone`, `Skill__Skill_submitter`.`status` AS `Skill__Skill_submitter_status`, `Skill__Skill_submitter`.`created_at` AS `Skill__Skill_submitter_created_at`, `Skill__Skill_submitter`.`updated_at` AS `Skill__Skill_submitter_updated_at`, `Skill__Skill_versions`.`id` AS `Skill__Skill_versions_id`, `Skill__Skill_versions`.`skill_id` AS `Skill__Skill_versions_skill_id`, `Skill__Skill_versions`.`version_number` AS `Skill__Skill_versions_version_number`, `Skill__Skill_versions`.`zip_path` AS `Skill__Skill_versions_zip_path`, `Skill__Skill_versions`.`zip_size` AS `Skill__Skill_versions_zip_size`, `Skill__Skill_versions`.`change_log` AS `Skill__Skill_versions_change_log`, `Skill__Skill_versions`.`uploader_id` AS `Skill__Skill_versions_uploader_id`, `Skill__Skill_versions`.`status` AS `Skill__Skill_versions_status`, `Skill__Skill_versions`.`created_at` AS `Skill__Skill_versions_created_at`, `Skill__Skill_visibilityList`.`id` AS `Skill__Skill_visibilityList_id`, `Skill__Skill_visibilityList`.`skill_id` AS `Skill__Skill_visibilityList_skill_id`, `Skill__Skill_visibilityList`.`target_type` AS `Skill__Skill_visibilityList_target_type`, `Skill__Skill_visibilityList`.`target_id` AS `Skill__Skill_visibilityList_target_id`, `Skill__Skill_visibilityList`.`created_at` AS `Skill__Skill_visibilityList_created_at` FROM `skills` `Skill` LEFT JOIN `skill_categories` `Skill__Skill_category` ON `Skill__Skill_category`.`id`=`Skill`.`category_id`  LEFT JOIN `users` `Skill__Skill_submitter` ON `Skill__Skill_submitter`.`id`=`Skill`.`submitter_id`  LEFT JOIN `skill_versions` `Skill__Skill_versions` ON `Skill__Skill_versions`.`skill_id`=`Skill`.`id`  LEFT JOIN `skill_visibility` `Skill__Skill_visibilityList` ON `Skill__Skill_visibilityList`.`skill_id`=`Skill`.`id` WHERE ((`Skill`.`id` = ?))) `distinctAlias` ORDER BY `Skill_id` ASC LIMIT 1 -- PARAMETERS: ["6"]
query: SELECT `Skill`.`id` AS `Skill_id`, `Skill`.`unique_id` AS `Skill_unique_id`, `Skill`.`name` AS `Skill_name`, `Skill`.`summary` AS `Skill_summary`, `Skill`.`detail` AS `Skill_detail`, `Skill`.`author` AS `Skill_author`, `Skill`.`category_id` AS `Skill_category_id`, `Skill`.`source_type` AS `Skill_source_type`, `Skill`.`source_url` AS `Skill_source_url`, `Skill`.`source_url_name` AS `Skill_source_url_name`, `Skill`.`submitter_id` AS `Skill_submitter_id`, `Skill`.`status` AS `Skill_status`, `Skill`.`visibility_type` AS `Skill_visibility_type`, `Skill`.`created_at` AS `Skill_created_at`, `Skill`.`updated_at` AS `Skill_updated_at`, `Skill__Skill_category`.`id` AS `Skill__Skill_category_id`, `Skill__Skill_category`.`name` AS `Skill__Skill_category_name`, `Skill__Skill_category`.`description` AS `Skill__Skill_category_description`, `Skill__Skill_category`.`sort_order` AS `Skill__Skill_category_sort_order`, `Skill__Skill_category`.`created_at` AS `Skill__Skill_category_created_at`, `Skill__Skill_submitter`.`id` AS `Skill__Skill_submitter_id`, `Skill__Skill_submitter`.`username` AS `Skill__Skill_submitter_username`, `Skill__Skill_submitter`.`real_name` AS `Skill__Skill_submitter_real_name`, `Skill__Skill_submitter`.`department_id` AS `Skill__Skill_submitter_department_id`, `Skill__Skill_submitter`.`email` AS `Skill__Skill_submitter_email`, `Skill__Skill_submitter`.`phone` AS `Skill__Skill_submitter_phone`, `Skill__Skill_submitter`.`status` AS `Skill__Skill_submitter_status`, `Skill__Skill_submitter`.`created_at` AS `Skill__Skill_submitter_created_at`, `Skill__Skill_submitter`.`updated_at` AS `Skill__Skill_submitter_updated_at`, `Skill__Skill_versions`.`id` AS `Skill__Skill_versions_id`, `Skill__Skill_versions`.`skill_id` AS `Skill__Skill_versions_skill_id`, `Skill__Skill_versions`.`version_number` AS `Skill__Skill_versions_version_number`, `Skill__Skill_versions`.`zip_path` AS `Skill__Skill_versions_zip_path`, `Skill__Skill_versions`.`zip_size` AS `Skill__Skill_versions_zip_size`, `Skill__Skill_versions`.`change_log` AS `Skill__Skill_versions_change_log`, `Skill__Skill_versions`.`uploader_id` AS `Skill__Skill_versions_uploader_id`, `Skill__Skill_versions`.`status` AS `Skill__Skill_versions_status`, `Skill__Skill_versions`.`created_at` AS `Skill__Skill_versions_created_at`, `Skill__Skill_visibilityList`.`id` AS `Skill__Skill_visibilityList_id`, `Skill__Skill_visibilityList`.`skill_id` AS `Skill__Skill_visibilityList_skill_id`, `Skill__Skill_visibilityList`.`target_type` AS `Skill__Skill_visibilityList_target_type`, `Skill__Skill_visibilityList`.`target_id` AS `Skill__Skill_visibilityList_target_id`, `Skill__Skill_visibilityList`.`created_at` AS `Skill__Skill_visibilityList_created_at` FROM `skills` `Skill` LEFT JOIN `skill_categories` `Skill__Skill_category` ON `Skill__Skill_category`.`id`=`Skill`.`category_id`  LEFT JOIN `users` `Skill__Skill_submitter` ON `Skill__Skill_submitter`.`id`=`Skill`.`submitter_id`  LEFT JOIN `skill_versions` `Skill__Skill_versions` ON `Skill__Skill_versions`.`skill_id`=`Skill`.`id`  LEFT JOIN `skill_visibility` `Skill__Skill_visibilityList` ON `Skill__Skill_visibilityList`.`skill_id`=`Skill`.`id` WHERE ( ((`Skill`.`id` = ?)) ) AND ( `Skill`.`id` IN (?) ) -- PARAMETERS: ["6","6"]
query: SELECT COUNT(1) AS `cnt` FROM `notifications` `Notification` WHERE ((`Notification`.`user_id` = ?) AND (`Notification`.`is_read` = ?)) -- PARAMETERS: [1,0]
query: SELECT `SkillCategory`.`id` AS `SkillCategory_id`, `SkillCategory`.`name` AS `SkillCategory_name`, `SkillCategory`.`description` AS `SkillCategory_description`, `SkillCategory`.`sort_order` AS `SkillCategory_sort_order`, `SkillCategory`.`created_at` AS `SkillCategory_created_at` FROM `skill_categories` `SkillCategory` ORDER BY `SkillCategory`.`sort_order` ASC, `SkillCategory`.`id` ASC
query: SELECT DISTINCT `distinctAlias`.`project_id` AS `ids_project_id`, `distinctAlias`.`project_created_at` FROM (SELECT `project`.`id` AS `project_id`, `project`.`name` AS `project_name`, `project`.`description` AS `project_description`, `project`.`owner_id` AS `project_owner_id`, `project`.`status` AS `project_status`, `project`.`created_at` AS `project_created_at`, `project`.`updated_at` AS `project_updated_at`, `owner`.`id` AS `owner_id`, `owner`.`username` AS `owner_username`, `owner`.`real_name` AS `owner_real_name`, `owner`.`department_id` AS `owner_department_id`, `owner`.`email` AS `owner_email`, `owner`.`phone` AS `owner_phone`, `owner`.`status` AS `owner_status`, `owner`.`created_at` AS `owner_created_at`, `owner`.`updated_at` AS `owner_updated_at` FROM `projects` `project` LEFT JOIN `users` `owner` ON `owner`.`id`=`project`.`owner_id`) `distinctAlias` ORDER BY `distinctAlias`.`project_created_at` DESC, `project_id` ASC LIMIT 100 OFFSET 0
query: SELECT `project`.`id` AS `project_id`, `project`.`name` AS `project_name`, `project`.`description` AS `project_description`, `project`.`owner_id` AS `project_owner_id`, `project`.`status` AS `project_status`, `project`.`created_at` AS `project_created_at`, `project`.`updated_at` AS `project_updated_at`, `owner`.`id` AS `owner_id`, `owner`.`username` AS `owner_username`, `owner`.`real_name` AS `owner_real_name`, `owner`.`department_id` AS `owner_department_id`, `owner`.`email` AS `owner_email`, `owner`.`phone` AS `owner_phone`, `owner`.`status` AS `owner_status`, `owner`.`created_at` AS `owner_created_at`, `owner`.`updated_at` AS `owner_updated_at` FROM `projects` `project` LEFT JOIN `users` `owner` ON `owner`.`id`=`project`.`owner_id` WHERE `project`.`id` IN (?) ORDER BY `project`.`created_at` DESC -- PARAMETERS: ["1"]
query: SELECT DISTINCT `distinctAlias`.`user_id` AS `ids_user_id` FROM (SELECT `user`.`id` AS `user_id`, `user`.`username` AS `user_username`, `user`.`real_name` AS `user_real_name`, `user`.`department_id` AS `user_department_id`, `user`.`email` AS `user_email`, `user`.`phone` AS `user_phone`, `user`.`status` AS `user_status`, `user`.`created_at` AS `user_created_at`, `user`.`updated_at` AS `user_updated_at`, `department`.`id` AS `department_id`, `department`.`name` AS `department_name`, `department`.`parent_id` AS `department_parent_id`, `department`.`level` AS `department_level`, `department`.`sort_order` AS `department_sort_order`, `department`.`created_at` AS `department_created_at`, `department`.`updated_at` AS `department_updated_at` FROM `users` `user` LEFT JOIN `departments` `department` ON `department`.`id`=`user`.`department_id`) `distinctAlias` ORDER BY `user_id` ASC LIMIT 100 OFFSET 0
query: SELECT `user`.`id` AS `user_id`, `user`.`username` AS `user_username`, `user`.`real_name` AS `user_real_name`, `user`.`department_id` AS `user_department_id`, `user`.`email` AS `user_email`, `user`.`phone` AS `user_phone`, `user`.`status` AS `user_status`, `user`.`created_at` AS `user_created_at`, `user`.`updated_at` AS `user_updated_at`, `department`.`id` AS `department_id`, `department`.`name` AS `department_name`, `department`.`parent_id` AS `department_parent_id`, `department`.`level` AS `department_level`, `department`.`sort_order` AS `department_sort_order`, `department`.`created_at` AS `department_created_at`, `department`.`updated_at` AS `department_updated_at` FROM `users` `user` LEFT JOIN `departments` `department` ON `department`.`id`=`user`.`department_id` WHERE `user`.`id` IN (?, ?, ?) -- PARAMETERS: ["1","2","3"]
query: START TRANSACTION
query: INSERT INTO `skills`(`id`, `unique_id`, `name`, `summary`, `detail`, `author`, `category_id`, `source_type`, `source_url`, `source_url_name`, `submitter_id`, `status`, `visibility_type`, `created_at`, `updated_at`) VALUES (DEFAULT, ?, ?, ?, ?, ?, ?, ?, DEFAULT, DEFAULT, ?, ?, ?, DEFAULT, DEFAULT) -- PARAMETERS: ["361d00e5-b5a8-44fa-9d4c-22fa99df1e5a","测试1","第三方的士速递","撒大大","11",1,"internal",1,"pending_review","all"]
query: SELECT `Skill`.`id` AS `Skill_id`, `Skill`.`status` AS `Skill_status`, `Skill`.`visibility_type` AS `Skill_visibility_type`, `Skill`.`created_at` AS `Skill_created_at`, `Skill`.`updated_at` AS `Skill_updated_at` FROM `skills` `Skill` WHERE `Skill`.`id` = ? -- PARAMETERS: ["7"]
query: COMMIT
query: START TRANSACTION
query: INSERT INTO `skill_versions`(`id`, `skill_id`, `version_number`, `zip_path`, `zip_size`, `change_log`, `uploader_id`, `status`, `created_at`) VALUES (DEFAULT, ?, ?, ?, ?, DEFAULT, ?, ?, DEFAULT) -- PARAMETERS: ["7","v1.0.0","uploads\\8f78c35c9d6a8b84956dbe9cf42d8377",145281,1,"pending_review"]
query: SELECT `SkillVersion`.`id` AS `SkillVersion_id`, `SkillVersion`.`status` AS `SkillVersion_status`, `SkillVersion`.`created_at` AS `SkillVersion_created_at` FROM `skill_versions` `SkillVersion` WHERE `SkillVersion`.`id` = ? -- PARAMETERS: ["2"]
query: COMMIT
query: DELETE FROM `skill_visibility` WHERE `skill_id` = ? -- PARAMETERS: ["7"]
query: SELECT DISTINCT `distinctAlias`.`Skill_id` AS `ids_Skill_id` FROM (SELECT `Skill`.`id` AS `Skill_id`, `Skill`.`unique_id` AS `Skill_unique_id`, `Skill`.`name` AS `Skill_name`, `Skill`.`summary` AS `Skill_summary`, `Skill`.`detail` AS `Skill_detail`, `Skill`.`author` AS `Skill_author`, `Skill`.`category_id` AS `Skill_category_id`, `Skill`.`source_type` AS `Skill_source_type`, `Skill`.`source_url` AS `Skill_source_url`, `Skill`.`source_url_name` AS `Skill_source_url_name`, `Skill`.`submitter_id` AS `Skill_submitter_id`, `Skill`.`status` AS `Skill_status`, `Skill`.`visibility_type` AS `Skill_visibility_type`, `Skill`.`created_at` AS `Skill_created_at`, `Skill`.`updated_at` AS `Skill_updated_at`, `Skill__Skill_category`.`id` AS `Skill__Skill_category_id`, `Skill__Skill_category`.`name` AS `Skill__Skill_category_name`, `Skill__Skill_category`.`description` AS `Skill__Skill_category_description`, `Skill__Skill_category`.`sort_order` AS `Skill__Skill_category_sort_order`, `Skill__Skill_category`.`created_at` AS `Skill__Skill_category_created_at`, `Skill__Skill_submitter`.`id` AS `Skill__Skill_submitter_id`, `Skill__Skill_submitter`.`username` AS `Skill__Skill_submitter_username`, `Skill__Skill_submitter`.`real_name` AS `Skill__Skill_submitter_real_name`, `Skill__Skill_submitter`.`department_id` AS `Skill__Skill_submitter_department_id`, `Skill__Skill_submitter`.`email` AS `Skill__Skill_submitter_email`, `Skill__Skill_submitter`.`phone` AS `Skill__Skill_submitter_phone`, `Skill__Skill_submitter`.`status` AS `Skill__Skill_submitter_status`, `Skill__Skill_submitter`.`created_at` AS `Skill__Skill_submitter_created_at`, `Skill__Skill_submitter`.`updated_at` AS `Skill__Skill_submitter_updated_at`, `Skill__Skill_versions`.`id` AS `Skill__Skill_versions_id`, `Skill__Skill_versions`.`skill_id` AS `Skill__Skill_versions_skill_id`, `Skill__Skill_versions`.`version_number` AS `Skill__Skill_versions_version_number`, `Skill__Skill_versions`.`zip_path` AS `Skill__Skill_versions_zip_path`, `Skill__Skill_versions`.`zip_size` AS `Skill__Skill_versions_zip_size`, `Skill__Skill_versions`.`change_log` AS `Skill__Skill_versions_change_log`, `Skill__Skill_versions`.`uploader_id` AS `Skill__Skill_versions_uploader_id`, `Skill__Skill_versions`.`status` AS `Skill__Skill_versions_status`, `Skill__Skill_versions`.`created_at` AS `Skill__Skill_versions_created_at`, `Skill__Skill_visibilityList`.`id` AS `Skill__Skill_visibilityList_id`, `Skill__Skill_visibilityList`.`skill_id` AS `Skill__Skill_visibilityList_skill_id`, `Skill__Skill_visibilityList`.`target_type` AS `Skill__Skill_visibilityList_target_type`, `Skill__Skill_visibilityList`.`target_id` AS `Skill__Skill_visibilityList_target_id`, `Skill__Skill_visibilityList`.`created_at` AS `Skill__Skill_visibilityList_created_at` FROM `skills` `Skill` LEFT JOIN `skill_categories` `Skill__Skill_category` ON `Skill__Skill_category`.`id`=`Skill`.`category_id`  LEFT JOIN `users` `Skill__Skill_submitter` ON `Skill__Skill_submitter`.`id`=`Skill`.`submitter_id`  LEFT JOIN `skill_versions` `Skill__Skill_versions` ON `Skill__Skill_versions`.`skill_id`=`Skill`.`id`  LEFT JOIN `skill_visibility` `Skill__Skill_visibilityList` ON `Skill__Skill_visibilityList`.`skill_id`=`Skill`.`id` WHERE ((`Skill`.`id` = ?))) `distinctAlias` ORDER BY `Skill_id` ASC LIMIT 1 -- PARAMETERS: ["7"]
query: SELECT `Skill`.`id` AS `Skill_id`, `Skill`.`unique_id` AS `Skill_unique_id`, `Skill`.`name` AS `Skill_name`, `Skill`.`summary` AS `Skill_summary`, `Skill`.`detail` AS `Skill_detail`, `Skill`.`author` AS `Skill_author`, `Skill`.`category_id` AS `Skill_category_id`, `Skill`.`source_type` AS `Skill_source_type`, `Skill`.`source_url` AS `Skill_source_url`, `Skill`.`source_url_name` AS `Skill_source_url_name`, `Skill`.`submitter_id` AS `Skill_submitter_id`, `Skill`.`status` AS `Skill_status`, `Skill`.`visibility_type` AS `Skill_visibility_type`, `Skill`.`created_at` AS `Skill_created_at`, `Skill`.`updated_at` AS `Skill_updated_at`, `Skill__Skill_category`.`id` AS `Skill__Skill_category_id`, `Skill__Skill_category`.`name` AS `Skill__Skill_category_name`, `Skill__Skill_category`.`description` AS `Skill__Skill_category_description`, `Skill__Skill_category`.`sort_order` AS `Skill__Skill_category_sort_order`, `Skill__Skill_category`.`created_at` AS `Skill__Skill_category_created_at`, `Skill__Skill_submitter`.`id` AS `Skill__Skill_submitter_id`, `Skill__Skill_submitter`.`username` AS `Skill__Skill_submitter_username`, `Skill__Skill_submitter`.`real_name` AS `Skill__Skill_submitter_real_name`, `Skill__Skill_submitter`.`department_id` AS `Skill__Skill_submitter_department_id`, `Skill__Skill_submitter`.`email` AS `Skill__Skill_submitter_email`, `Skill__Skill_submitter`.`phone` AS `Skill__Skill_submitter_phone`, `Skill__Skill_submitter`.`status` AS `Skill__Skill_submitter_status`, `Skill__Skill_submitter`.`created_at` AS `Skill__Skill_submitter_created_at`, `Skill__Skill_submitter`.`updated_at` AS `Skill__Skill_submitter_updated_at`, `Skill__Skill_versions`.`id` AS `Skill__Skill_versions_id`, `Skill__Skill_versions`.`skill_id` AS `Skill__Skill_versions_skill_id`, `Skill__Skill_versions`.`version_number` AS `Skill__Skill_versions_version_number`, `Skill__Skill_versions`.`zip_path` AS `Skill__Skill_versions_zip_path`, `Skill__Skill_versions`.`zip_size` AS `Skill__Skill_versions_zip_size`, `Skill__Skill_versions`.`change_log` AS `Skill__Skill_versions_change_log`, `Skill__Skill_versions`.`uploader_id` AS `Skill__Skill_versions_uploader_id`, `Skill__Skill_versions`.`status` AS `Skill__Skill_versions_status`, `Skill__Skill_versions`.`created_at` AS `Skill__Skill_versions_created_at`, `Skill__Skill_visibilityList`.`id` AS `Skill__Skill_visibilityList_id`, `Skill__Skill_visibilityList`.`skill_id` AS `Skill__Skill_visibilityList_skill_id`, `Skill__Skill_visibilityList`.`target_type` AS `Skill__Skill_visibilityList_target_type`, `Skill__Skill_visibilityList`.`target_id` AS `Skill__Skill_visibilityList_target_id`, `Skill__Skill_visibilityList`.`created_at` AS `Skill__Skill_visibilityList_created_at` FROM `skills` `Skill` LEFT JOIN `skill_categories` `Skill__Skill_category` ON `Skill__Skill_category`.`id`=`Skill`.`category_id`  LEFT JOIN `users` `Skill__Skill_submitter` ON `Skill__Skill_submitter`.`id`=`Skill`.`submitter_id`  LEFT JOIN `skill_versions` `Skill__Skill_versions` ON `Skill__Skill_versions`.`skill_id`=`Skill`.`id`  LEFT JOIN `skill_visibility` `Skill__Skill_visibilityList` ON `Skill__Skill_visibilityList`.`skill_id`=`Skill`.`id` WHERE ( ((`Skill`.`id` = ?)) ) AND ( `Skill`.`id` IN (?) ) -- PARAMETERS: ["7","7"]
query: SELECT DISTINCT `distinctAlias`.`Skill_id` AS `ids_Skill_id`, `distinctAlias`.`Skill_created_at` FROM (SELECT `Skill`.`id` AS `Skill_id`, `Skill`.`unique_id` AS `Skill_unique_id`, `Skill`.`name` AS `Skill_name`, `Skill`.`summary` AS `Skill_summary`, `Skill`.`detail` AS `Skill_detail`, `Skill`.`author` AS `Skill_author`, `Skill`.`category_id` AS `Skill_category_id`, `Skill`.`source_type` AS `Skill_source_type`, `Skill`.`source_url` AS `Skill_source_url`, `Skill`.`source_url_name` AS `Skill_source_url_name`, `Skill`.`submitter_id` AS `Skill_submitter_id`, `Skill`.`status` AS `Skill_status`, `Skill`.`visibility_type` AS `Skill_visibility_type`, `Skill`.`created_at` AS `Skill_created_at`, `Skill`.`updated_at` AS `Skill_updated_at`, `Skill__Skill_category`.`id` AS `Skill__Skill_category_id`, `Skill__Skill_category`.`name` AS `Skill__Skill_category_name`, `Skill__Skill_category`.`description` AS `Skill__Skill_category_description`, `Skill__Skill_category`.`sort_order` AS `Skill__Skill_category_sort_order`, `Skill__Skill_category`.`created_at` AS `Skill__Skill_category_created_at` FROM `skills` `Skill` LEFT JOIN `skill_categories` `Skill__Skill_category` ON `Skill__Skill_category`.`id`=`Skill`.`category_id` WHERE ((`Skill`.`submitter_id` = ?))) `distinctAlias` ORDER BY `distinctAlias`.`Skill_created_at` DESC, `Skill_id` ASC LIMIT 10 OFFSET 0 -- PARAMETERS: [1]
query: SELECT `Skill`.`id` AS `Skill_id`, `Skill`.`unique_id` AS `Skill_unique_id`, `Skill`.`name` AS `Skill_name`, `Skill`.`summary` AS `Skill_summary`, `Skill`.`detail` AS `Skill_detail`, `Skill`.`author` AS `Skill_author`, `Skill`.`category_id` AS `Skill_category_id`, `Skill`.`source_type` AS `Skill_source_type`, `Skill`.`source_url` AS `Skill_source_url`, `Skill`.`source_url_name` AS `Skill_source_url_name`, `Skill`.`submitter_id` AS `Skill_submitter_id`, `Skill`.`status` AS `Skill_status`, `Skill`.`visibility_type` AS `Skill_visibility_type`, `Skill`.`created_at` AS `Skill_created_at`, `Skill`.`updated_at` AS `Skill_updated_at`, `Skill__Skill_category`.`id` AS `Skill__Skill_category_id`, `Skill__Skill_category`.`name` AS `Skill__Skill_category_name`, `Skill__Skill_category`.`description` AS `Skill__Skill_category_description`, `Skill__Skill_category`.`sort_order` AS `Skill__Skill_category_sort_order`, `Skill__Skill_category`.`created_at` AS `Skill__Skill_category_created_at` FROM `skills` `Skill` LEFT JOIN `skill_categories` `Skill__Skill_category` ON `Skill__Skill_category`.`id`=`Skill`.`category_id` WHERE ( ((`Skill`.`submitter_id` = ?)) ) AND ( `Skill`.`id` IN (?, ?, ?, ?, ?, ?) ) ORDER BY `Skill`.`created_at` DESC -- PARAMETERS: [1,"7","5","4","3","2","1"]
query: SELECT `SkillCategory`.`id` AS `SkillCategory_id`, `SkillCategory`.`name` AS `SkillCategory_name`, `SkillCategory`.`description` AS `SkillCategory_description`, `SkillCategory`.`sort_order` AS `SkillCategory_sort_order`, `SkillCategory`.`created_at` AS `SkillCategory_created_at` FROM `skill_categories` `SkillCategory` ORDER BY `SkillCategory`.`sort_order` ASC, `SkillCategory`.`id` ASC
query: SELECT `ProjectMember`.`id` AS `ProjectMember_id`, `ProjectMember`.`project_id` AS `ProjectMember_project_id`, `ProjectMember`.`user_id` AS `ProjectMember_user_id`, `ProjectMember`.`role` AS `ProjectMember_role`, `ProjectMember`.`joined_at` AS `ProjectMember_joined_at` FROM `project_members` `ProjectMember` WHERE ((`ProjectMember`.`user_id` = ?)) -- PARAMETERS: [1]
query: SELECT DISTINCT `distinctAlias`.`skill_id` AS `ids_skill_id`, `distinctAlias`.`skill_created_at` FROM (SELECT `skill`.`id` AS `skill_id`, `skill`.`unique_id` AS `skill_unique_id`, `skill`.`name` AS `skill_name`, `skill`.`summary` AS `skill_summary`, `skill`.`detail` AS `skill_detail`, `skill`.`author` AS `skill_author`, `skill`.`category_id` AS `skill_category_id`, `skill`.`source_type` AS `skill_source_type`, `skill`.`source_url` AS `skill_source_url`, `skill`.`source_url_name` AS `skill_source_url_name`, `skill`.`submitter_id` AS `skill_submitter_id`, `skill`.`status` AS `skill_status`, `skill`.`visibility_type` AS `skill_visibility_type`, `skill`.`created_at` AS `skill_created_at`, `skill`.`updated_at` AS `skill_updated_at`, `category`.`id` AS `category_id`, `category`.`name` AS `category_name`, `category`.`description` AS `category_description`, `category`.`sort_order` AS `category_sort_order`, `category`.`created_at` AS `category_created_at`, `submitter`.`id` AS `submitter_id`, `submitter`.`username` AS `submitter_username`, `submitter`.`real_name` AS `submitter_real_name`, `submitter`.`department_id` AS `submitter_department_id`, `submitter`.`email` AS `submitter_email`, `submitter`.`phone` AS `submitter_phone`, `submitter`.`status` AS `submitter_status`, `submitter`.`created_at` AS `submitter_created_at`, `submitter`.`updated_at` AS `submitter_updated_at`, `version`.`id` AS `version_id`, `version`.`skill_id` AS `version_skill_id`, `version`.`version_number` AS `version_version_number`, `version`.`zip_path` AS `version_zip_path`, `version`.`zip_size` AS `version_zip_size`, `version`.`change_log` AS `version_change_log`, `version`.`uploader_id` AS `version_uploader_id`, `version`.`status` AS `version_status`, `version`.`created_at` AS `version_created_at` FROM `skills` `skill` LEFT JOIN `skill_categories` `category` ON `category`.`id`=`skill`.`category_id`  LEFT JOIN `users` `submitter` ON `submitter`.`id`=`skill`.`submitter_id`  LEFT JOIN `skill_versions` `version` ON `version`.`skill_id`=`skill`.`id` WHERE `skill`.`status` = ?) `distinctAlias` ORDER BY `distinctAlias`.`skill_created_at` DESC, `skill_id` ASC LIMIT 12 OFFSET 0 -- PARAMETERS: ["published"]
query: SELECT DISTINCT `distinctAlias`.`Skill_id` AS `ids_Skill_id`, `distinctAlias`.`Skill_created_at` FROM (SELECT `Skill`.`id` AS `Skill_id`, `Skill`.`unique_id` AS `Skill_unique_id`, `Skill`.`name` AS `Skill_name`, `Skill`.`summary` AS `Skill_summary`, `Skill`.`detail` AS `Skill_detail`, `Skill`.`author` AS `Skill_author`, `Skill`.`category_id` AS `Skill_category_id`, `Skill`.`source_type` AS `Skill_source_type`, `Skill`.`source_url` AS `Skill_source_url`, `Skill`.`source_url_name` AS `Skill_source_url_name`, `Skill`.`submitter_id` AS `Skill_submitter_id`, `Skill`.`status` AS `Skill_status`, `Skill`.`visibility_type` AS `Skill_visibility_type`, `Skill`.`created_at` AS `Skill_created_at`, `Skill`.`updated_at` AS `Skill_updated_at`, `Skill__Skill_category`.`id` AS `Skill__Skill_category_id`, `Skill__Skill_category`.`name` AS `Skill__Skill_category_name`, `Skill__Skill_category`.`description` AS `Skill__Skill_category_description`, `Skill__Skill_category`.`sort_order` AS `Skill__Skill_category_sort_order`, `Skill__Skill_category`.`created_at` AS `Skill__Skill_category_created_at` FROM `skills` `Skill` LEFT JOIN `skill_categories` `Skill__Skill_category` ON `Skill__Skill_category`.`id`=`Skill`.`category_id` WHERE ((`Skill`.`submitter_id` = ?))) `distinctAlias` ORDER BY `distinctAlias`.`Skill_created_at` DESC, `Skill_id` ASC LIMIT 10 OFFSET 0 -- PARAMETERS: [1]
query: SELECT `Skill`.`id` AS `Skill_id`, `Skill`.`unique_id` AS `Skill_unique_id`, `Skill`.`name` AS `Skill_name`, `Skill`.`summary` AS `Skill_summary`, `Skill`.`detail` AS `Skill_detail`, `Skill`.`author` AS `Skill_author`, `Skill`.`category_id` AS `Skill_category_id`, `Skill`.`source_type` AS `Skill_source_type`, `Skill`.`source_url` AS `Skill_source_url`, `Skill`.`source_url_name` AS `Skill_source_url_name`, `Skill`.`submitter_id` AS `Skill_submitter_id`, `Skill`.`status` AS `Skill_status`, `Skill`.`visibility_type` AS `Skill_visibility_type`, `Skill`.`created_at` AS `Skill_created_at`, `Skill`.`updated_at` AS `Skill_updated_at`, `Skill__Skill_category`.`id` AS `Skill__Skill_category_id`, `Skill__Skill_category`.`name` AS `Skill__Skill_category_name`, `Skill__Skill_category`.`description` AS `Skill__Skill_category_description`, `Skill__Skill_category`.`sort_order` AS `Skill__Skill_category_sort_order`, `Skill__Skill_category`.`created_at` AS `Skill__Skill_category_created_at` FROM `skills` `Skill` LEFT JOIN `skill_categories` `Skill__Skill_category` ON `Skill__Skill_category`.`id`=`Skill`.`category_id` WHERE ( ((`Skill`.`submitter_id` = ?)) ) AND ( `Skill`.`id` IN (?, ?, ?, ?, ?, ?) ) ORDER BY `Skill`.`created_at` DESC -- PARAMETERS: [1,"7","5","4","3","2","1"]
query: SELECT DISTINCT `distinctAlias`.`dr_id` AS `ids_dr_id`, `distinctAlias`.`dr_skill_id`, `distinctAlias`.`dr_downloaded_at` FROM (SELECT `dr`.`id` AS `dr_id`, `dr`.`user_id` AS `dr_user_id`, `dr`.`skill_id` AS `dr_skill_id`, `dr`.`version_id` AS `dr_version_id`, `dr`.`department_id` AS `dr_department_id`, `dr`.`downloaded_at` AS `dr_downloaded_at`, `skill`.`id` AS `skill_id`, `skill`.`unique_id` AS `skill_unique_id`, `skill`.`name` AS `skill_name`, `skill`.`summary` AS `skill_summary`, `skill`.`detail` AS `skill_detail`, `skill`.`author` AS `skill_author`, `skill`.`category_id` AS `skill_category_id`, `skill`.`source_type` AS `skill_source_type`, `skill`.`source_url` AS `skill_source_url`, `skill`.`source_url_name` AS `skill_source_url_name`, `skill`.`submitter_id` AS `skill_submitter_id`, `skill`.`status` AS `skill_status`, `skill`.`visibility_type` AS `skill_visibility_type`, `skill`.`created_at` AS `skill_created_at`, `skill`.`updated_at` AS `skill_updated_at`, `version`.`id` AS `version_id`, `version`.`skill_id` AS `version_skill_id`, `version`.`version_number` AS `version_version_number`, `version`.`zip_path` AS `version_zip_path`, `version`.`zip_size` AS `version_zip_size`, `version`.`change_log` AS `version_change_log`, `version`.`uploader_id` AS `version_uploader_id`, `version`.`status` AS `version_status`, `version`.`created_at` AS `version_created_at` FROM `download_records` `dr` LEFT JOIN `skills` `skill` ON `skill`.`id`=`dr`.`skill_id`  LEFT JOIN `skill_versions` `version` ON `version`.`id`=`dr`.`version_id` WHERE `dr`.`user_id` = ?) `distinctAlias` ORDER BY `distinctAlias`.`dr_skill_id` ASC, `distinctAlias`.`dr_downloaded_at` DESC, `dr_id` ASC LIMIT 10 OFFSET 0 -- PARAMETERS: [1]
query: SELECT DISTINCT `distinctAlias`.`review_id` AS `ids_review_id`, `distinctAlias`.`review_created_at` FROM (SELECT `review`.`id` AS `review_id`, `review`.`skill_id` AS `review_skill_id`, `review`.`version_id` AS `review_version_id`, `review`.`reviewer_id` AS `review_reviewer_id`, `review`.`assigned_by` AS `review_assigned_by`, `review`.`status` AS `review_status`, `review`.`comment` AS `review_comment`, `review`.`reviewed_at` AS `review_reviewed_at`, `review`.`created_at` AS `review_created_at`, `skill`.`id` AS `skill_id`, `skill`.`unique_id` AS `skill_unique_id`, `skill`.`name` AS `skill_name`, `skill`.`summary` AS `skill_summary`, `skill`.`detail` AS `skill_detail`, `skill`.`author` AS `skill_author`, `skill`.`category_id` AS `skill_category_id`, `skill`.`source_type` AS `skill_source_type`, `skill`.`source_url` AS `skill_source_url`, `skill`.`source_url_name` AS `skill_source_url_name`, `skill`.`submitter_id` AS `skill_submitter_id`, `skill`.`status` AS `skill_status`, `skill`.`visibility_type` AS `skill_visibility_type`, `skill`.`created_at` AS `skill_created_at`, `skill`.`updated_at` AS `skill_updated_at`, `version`.`id` AS `version_id`, `version`.`skill_id` AS `version_skill_id`, `version`.`version_number` AS `version_version_number`, `version`.`zip_path` AS `version_zip_path`, `version`.`zip_size` AS `version_zip_size`, `version`.`change_log` AS `version_change_log`, `version`.`uploader_id` AS `version_uploader_id`, `version`.`status` AS `version_status`, `version`.`created_at` AS `version_created_at`, `reviewer`.`id` AS `reviewer_id`, `reviewer`.`username` AS `reviewer_username`, `reviewer`.`real_name` AS `reviewer_real_name`, `reviewer`.`department_id` AS `reviewer_department_id`, `reviewer`.`email` AS `reviewer_email`, `reviewer`.`phone` AS `reviewer_phone`, `reviewer`.`status` AS `reviewer_status`, `reviewer`.`created_at` AS `reviewer_created_at`, `reviewer`.`updated_at` AS `reviewer_updated_at` FROM `reviews` `review` LEFT JOIN `skills` `skill` ON `skill`.`id`=`review`.`skill_id`  LEFT JOIN `skill_versions` `version` ON `version`.`id`=`review`.`version_id`  LEFT JOIN `users` `reviewer` ON `reviewer`.`id`=`review`.`reviewer_id` WHERE `review`.`status` = ? AND `review`.`reviewer_id` = ?) `distinctAlias` ORDER BY `distinctAlias`.`review_created_at` DESC, `review_id` ASC LIMIT 10 OFFSET 0 -- PARAMETERS: ["pending",1]
query: SELECT DISTINCT `distinctAlias`.`user_id` AS `ids_user_id` FROM (SELECT `user`.`id` AS `user_id`, `user`.`username` AS `user_username`, `user`.`real_name` AS `user_real_name`, `user`.`department_id` AS `user_department_id`, `user`.`email` AS `user_email`, `user`.`phone` AS `user_phone`, `user`.`status` AS `user_status`, `user`.`created_at` AS `user_created_at`, `user`.`updated_at` AS `user_updated_at`, `department`.`id` AS `department_id`, `department`.`name` AS `department_name`, `department`.`parent_id` AS `department_parent_id`, `department`.`level` AS `department_level`, `department`.`sort_order` AS `department_sort_order`, `department`.`created_at` AS `department_created_at`, `department`.`updated_at` AS `department_updated_at` FROM `users` `user` LEFT JOIN `departments` `department` ON `department`.`id`=`user`.`department_id`) `distinctAlias` ORDER BY `user_id` ASC LIMIT 10 OFFSET 0
query: SELECT `user`.`id` AS `user_id`, `user`.`username` AS `user_username`, `user`.`real_name` AS `user_real_name`, `user`.`department_id` AS `user_department_id`, `user`.`email` AS `user_email`, `user`.`phone` AS `user_phone`, `user`.`status` AS `user_status`, `user`.`created_at` AS `user_created_at`, `user`.`updated_at` AS `user_updated_at`, `department`.`id` AS `department_id`, `department`.`name` AS `department_name`, `department`.`parent_id` AS `department_parent_id`, `department`.`level` AS `department_level`, `department`.`sort_order` AS `department_sort_order`, `department`.`created_at` AS `department_created_at`, `department`.`updated_at` AS `department_updated_at` FROM `users` `user` LEFT JOIN `departments` `department` ON `department`.`id`=`user`.`department_id` WHERE `user`.`id` IN (?, ?, ?) -- PARAMETERS: ["1","2","3"]
query: SELECT `UserPermission`.`id` AS `UserPermission_id`, `UserPermission`.`user_id` AS `UserPermission_user_id`, `UserPermission`.`permission_id` AS `UserPermission_permission_id`, `UserPermission`.`assigned_by` AS `UserPermission_assigned_by`, `UserPermission`.`assigned_at` AS `UserPermission_assigned_at`, `UserPermission__UserPermission_permission`.`id` AS `UserPermission__UserPermission_permission_id`, `UserPermission__UserPermission_permission`.`code` AS `UserPermission__UserPermission_permission_code`, `UserPermission__UserPermission_permission`.`name` AS `UserPermission__UserPermission_permission_name`, `UserPermission__UserPermission_permission`.`description` AS `UserPermission__UserPermission_permission_description`, `UserPermission__UserPermission_permission`.`created_at` AS `UserPermission__UserPermission_permission_created_at` FROM `user_permissions` `UserPermission` LEFT JOIN `permissions` `UserPermission__UserPermission_permission` ON `UserPermission__UserPermission_permission`.`id`=`UserPermission`.`permission_id` WHERE ((`UserPermission`.`user_id` = ?)) -- PARAMETERS: [1]
query: SELECT `UserPermission`.`id` AS `UserPermission_id`, `UserPermission`.`user_id` AS `UserPermission_user_id`, `UserPermission`.`permission_id` AS `UserPermission_permission_id`, `UserPermission`.`assigned_by` AS `UserPermission_assigned_by`, `UserPermission`.`assigned_at` AS `UserPermission_assigned_at`, `UserPermission__UserPermission_permission`.`id` AS `UserPermission__UserPermission_permission_id`, `UserPermission__UserPermission_permission`.`code` AS `UserPermission__UserPermission_permission_code`, `UserPermission__UserPermission_permission`.`name` AS `UserPermission__UserPermission_permission_name`, `UserPermission__UserPermission_permission`.`description` AS `UserPermission__UserPermission_permission_description`, `UserPermission__UserPermission_permission`.`created_at` AS `UserPermission__UserPermission_permission_created_at` FROM `user_permissions` `UserPermission` LEFT JOIN `permissions` `UserPermission__UserPermission_permission` ON `UserPermission__UserPermission_permission`.`id`=`UserPermission`.`permission_id` WHERE ((`UserPermission`.`user_id` = ?)) -- PARAMETERS: [2]
query: SELECT `UserPermission`.`id` AS `UserPermission_id`, `UserPermission`.`user_id` AS `UserPermission_user_id`, `UserPermission`.`permission_id` AS `UserPermission_permission_id`, `UserPermission`.`assigned_by` AS `UserPermission_assigned_by`, `UserPermission`.`assigned_at` AS `UserPermission_assigned_at`, `UserPermission__UserPermission_permission`.`id` AS `UserPermission__UserPermission_permission_id`, `UserPermission__UserPermission_permission`.`code` AS `UserPermission__UserPermission_permission_code`, `UserPermission__UserPermission_permission`.`name` AS `UserPermission__UserPermission_permission_name`, `UserPermission__UserPermission_permission`.`description` AS `UserPermission__UserPermission_permission_description`, `UserPermission__UserPermission_permission`.`created_at` AS `UserPermission__UserPermission_permission_created_at` FROM `user_permissions` `UserPermission` LEFT JOIN `permissions` `UserPermission__UserPermission_permission` ON `UserPermission__UserPermission_permission`.`id`=`UserPermission`.`permission_id` WHERE ((`UserPermission`.`user_id` = ?)) -- PARAMETERS: [3]
query: SELECT `Permission`.`id` AS `Permission_id`, `Permission`.`code` AS `Permission_code`, `Permission`.`name` AS `Permission_name`, `Permission`.`description` AS `Permission_description`, `Permission`.`created_at` AS `Permission_created_at` FROM `permissions` `Permission`
query: DELETE FROM `user_permissions` WHERE `user_id` = ? -- PARAMETERS: [1]
query: START TRANSACTION
query: INSERT INTO `user_permissions`(`id`, `user_id`, `permission_id`, `assigned_by`, `assigned_at`) VALUES (DEFAULT, ?, ?, ?, DEFAULT) -- PARAMETERS: [1,"1",1]
query: SELECT `UserPermission`.`id` AS `UserPermission_id`, `UserPermission`.`assigned_at` AS `UserPermission_assigned_at` FROM `user_permissions` `UserPermission` WHERE `UserPermission`.`id` = ? -- PARAMETERS: ["25"]
query: COMMIT
query: SELECT `Permission`.`id` AS `Permission_id`, `Permission`.`code` AS `Permission_code`, `Permission`.`name` AS `Permission_name`, `Permission`.`description` AS `Permission_description`, `Permission`.`created_at` AS `Permission_created_at` FROM `permissions` `Permission`
query: DELETE FROM `user_permissions` WHERE `user_id` = ? -- PARAMETERS: [1]
query: START TRANSACTION
query: INSERT INTO `user_permissions`(`id`, `user_id`, `permission_id`, `assigned_by`, `assigned_at`) VALUES (DEFAULT, ?, ?, ?, DEFAULT) -- PARAMETERS: [1,"1",1]
query: SELECT `UserPermission`.`id` AS `UserPermission_id`, `UserPermission`.`assigned_at` AS `UserPermission_assigned_at` FROM `user_permissions` `UserPermission` WHERE `UserPermission`.`id` = ? -- PARAMETERS: ["26"]
query: COMMIT
query: START TRANSACTION
query: INSERT INTO `user_permissions`(`id`, `user_id`, `permission_id`, `assigned_by`, `assigned_at`) VALUES (DEFAULT, ?, ?, ?, DEFAULT) -- PARAMETERS: [1,"3",1]
query: SELECT `UserPermission`.`id` AS `UserPermission_id`, `UserPermission`.`assigned_at` AS `UserPermission_assigned_at` FROM `user_permissions` `UserPermission` WHERE `UserPermission`.`id` = ? -- PARAMETERS: ["27"]
query: COMMIT
query: SELECT `Permission`.`id` AS `Permission_id`, `Permission`.`code` AS `Permission_code`, `Permission`.`name` AS `Permission_name`, `Permission`.`description` AS `Permission_description`, `Permission`.`created_at` AS `Permission_created_at` FROM `permissions` `Permission`
query: DELETE FROM `user_permissions` WHERE `user_id` = ? -- PARAMETERS: [1]
query: START TRANSACTION
query: INSERT INTO `user_permissions`(`id`, `user_id`, `permission_id`, `assigned_by`, `assigned_at`) VALUES (DEFAULT, ?, ?, ?, DEFAULT) -- PARAMETERS: [1,"1",1]
query: SELECT `UserPermission`.`id` AS `UserPermission_id`, `UserPermission`.`assigned_at` AS `UserPermission_assigned_at` FROM `user_permissions` `UserPermission` WHERE `UserPermission`.`id` = ? -- PARAMETERS: ["28"]
query: COMMIT
query: START TRANSACTION
query: INSERT INTO `user_permissions`(`id`, `user_id`, `permission_id`, `assigned_by`, `assigned_at`) VALUES (DEFAULT, ?, ?, ?, DEFAULT) -- PARAMETERS: [1,"3",1]
query: SELECT `UserPermission`.`id` AS `UserPermission_id`, `UserPermission`.`assigned_at` AS `UserPermission_assigned_at` FROM `user_permissions` `UserPermission` WHERE `UserPermission`.`id` = ? -- PARAMETERS: ["29"]
query: COMMIT
query: START TRANSACTION
query: INSERT INTO `user_permissions`(`id`, `user_id`, `permission_id`, `assigned_by`, `assigned_at`) VALUES (DEFAULT, ?, ?, ?, DEFAULT) -- PARAMETERS: [1,"2",1]
query: SELECT `UserPermission`.`id` AS `UserPermission_id`, `UserPermission`.`assigned_at` AS `UserPermission_assigned_at` FROM `user_permissions` `UserPermission` WHERE `UserPermission`.`id` = ? -- PARAMETERS: ["30"]
query: COMMIT
query: SELECT DISTINCT `distinctAlias`.`review_id` AS `ids_review_id`, `distinctAlias`.`review_created_at` FROM (SELECT `review`.`id` AS `review_id`, `review`.`skill_id` AS `review_skill_id`, `review`.`version_id` AS `review_version_id`, `review`.`reviewer_id` AS `review_reviewer_id`, `review`.`assigned_by` AS `review_assigned_by`, `review`.`status` AS `review_status`, `review`.`comment` AS `review_comment`, `review`.`reviewed_at` AS `review_reviewed_at`, `review`.`created_at` AS `review_created_at`, `skill`.`id` AS `skill_id`, `skill`.`unique_id` AS `skill_unique_id`, `skill`.`name` AS `skill_name`, `skill`.`summary` AS `skill_summary`, `skill`.`detail` AS `skill_detail`, `skill`.`author` AS `skill_author`, `skill`.`category_id` AS `skill_category_id`, `skill`.`source_type` AS `skill_source_type`, `skill`.`source_url` AS `skill_source_url`, `skill`.`source_url_name` AS `skill_source_url_name`, `skill`.`submitter_id` AS `skill_submitter_id`, `skill`.`status` AS `skill_status`, `skill`.`visibility_type` AS `skill_visibility_type`, `skill`.`created_at` AS `skill_created_at`, `skill`.`updated_at` AS `skill_updated_at`, `version`.`id` AS `version_id`, `version`.`skill_id` AS `version_skill_id`, `version`.`version_number` AS `version_version_number`, `version`.`zip_path` AS `version_zip_path`, `version`.`zip_size` AS `version_zip_size`, `version`.`change_log` AS `version_change_log`, `version`.`uploader_id` AS `version_uploader_id`, `version`.`status` AS `version_status`, `version`.`created_at` AS `version_created_at`, `reviewer`.`id` AS `reviewer_id`, `reviewer`.`username` AS `reviewer_username`, `reviewer`.`real_name` AS `reviewer_real_name`, `reviewer`.`department_id` AS `reviewer_department_id`, `reviewer`.`email` AS `reviewer_email`, `reviewer`.`phone` AS `reviewer_phone`, `reviewer`.`status` AS `reviewer_status`, `reviewer`.`created_at` AS `reviewer_created_at`, `reviewer`.`updated_at` AS `reviewer_updated_at` FROM `reviews` `review` LEFT JOIN `skills` `skill` ON `skill`.`id`=`review`.`skill_id`  LEFT JOIN `skill_versions` `version` ON `version`.`id`=`review`.`version_id`  LEFT JOIN `users` `reviewer` ON `reviewer`.`id`=`review`.`reviewer_id` WHERE `review`.`status` = ? AND `review`.`reviewer_id` = ?) `distinctAlias` ORDER BY `distinctAlias`.`review_created_at` DESC, `review_id` ASC LIMIT 10 OFFSET 0 -- PARAMETERS: ["pending",1]
query: SELECT COUNT(1) AS `cnt` FROM `notifications` `Notification` WHERE ((`Notification`.`user_id` = ?) AND (`Notification`.`is_read` = ?)) -- PARAMETERS: [1,0]
query: SELECT DISTINCT `distinctAlias`.`review_id` AS `ids_review_id`, `distinctAlias`.`review_created_at` FROM (SELECT `review`.`id` AS `review_id`, `review`.`skill_id` AS `review_skill_id`, `review`.`version_id` AS `review_version_id`, `review`.`reviewer_id` AS `review_reviewer_id`, `review`.`assigned_by` AS `review_assigned_by`, `review`.`status` AS `review_status`, `review`.`comment` AS `review_comment`, `review`.`reviewed_at` AS `review_reviewed_at`, `review`.`created_at` AS `review_created_at`, `skill`.`id` AS `skill_id`, `skill`.`unique_id` AS `skill_unique_id`, `skill`.`name` AS `skill_name`, `skill`.`summary` AS `skill_summary`, `skill`.`detail` AS `skill_detail`, `skill`.`author` AS `skill_author`, `skill`.`category_id` AS `skill_category_id`, `skill`.`source_type` AS `skill_source_type`, `skill`.`source_url` AS `skill_source_url`, `skill`.`source_url_name` AS `skill_source_url_name`, `skill`.`submitter_id` AS `skill_submitter_id`, `skill`.`status` AS `skill_status`, `skill`.`visibility_type` AS `skill_visibility_type`, `skill`.`created_at` AS `skill_created_at`, `skill`.`updated_at` AS `skill_updated_at`, `version`.`id` AS `version_id`, `version`.`skill_id` AS `version_skill_id`, `version`.`version_number` AS `version_version_number`, `version`.`zip_path` AS `version_zip_path`, `version`.`zip_size` AS `version_zip_size`, `version`.`change_log` AS `version_change_log`, `version`.`uploader_id` AS `version_uploader_id`, `version`.`status` AS `version_status`, `version`.`created_at` AS `version_created_at`, `reviewer`.`id` AS `reviewer_id`, `reviewer`.`username` AS `reviewer_username`, `reviewer`.`real_name` AS `reviewer_real_name`, `reviewer`.`department_id` AS `reviewer_department_id`, `reviewer`.`email` AS `reviewer_email`, `reviewer`.`phone` AS `reviewer_phone`, `reviewer`.`status` AS `reviewer_status`, `reviewer`.`created_at` AS `reviewer_created_at`, `reviewer`.`updated_at` AS `reviewer_updated_at` FROM `reviews` `review` LEFT JOIN `skills` `skill` ON `skill`.`id`=`review`.`skill_id`  LEFT JOIN `skill_versions` `version` ON `version`.`id`=`review`.`version_id`  LEFT JOIN `users` `reviewer` ON `reviewer`.`id`=`review`.`reviewer_id` WHERE `review`.`status` = ? AND `review`.`reviewer_id` = ?) `distinctAlias` ORDER BY `distinctAlias`.`review_created_at` DESC, `review_id` ASC LIMIT 10 OFFSET 0 -- PARAMETERS: ["pending",1]
query: SELECT `SkillCategory`.`id` AS `SkillCategory_id`, `SkillCategory`.`name` AS `SkillCategory_name`, `SkillCategory`.`description` AS `SkillCategory_description`, `SkillCategory`.`sort_order` AS `SkillCategory_sort_order`, `SkillCategory`.`created_at` AS `SkillCategory_created_at` FROM `skill_categories` `SkillCategory` ORDER BY `SkillCategory`.`sort_order` ASC, `SkillCategory`.`id` ASC
query: SELECT `ProjectMember`.`id` AS `ProjectMember_id`, `ProjectMember`.`project_id` AS `ProjectMember_project_id`, `ProjectMember`.`user_id` AS `ProjectMember_user_id`, `ProjectMember`.`role` AS `ProjectMember_role`, `ProjectMember`.`joined_at` AS `ProjectMember_joined_at` FROM `project_members` `ProjectMember` WHERE ((`ProjectMember`.`user_id` = ?)) -- PARAMETERS: [1]
query: SELECT DISTINCT `distinctAlias`.`skill_id` AS `ids_skill_id`, `distinctAlias`.`skill_created_at` FROM (SELECT `skill`.`id` AS `skill_id`, `skill`.`unique_id` AS `skill_unique_id`, `skill`.`name` AS `skill_name`, `skill`.`summary` AS `skill_summary`, `skill`.`detail` AS `skill_detail`, `skill`.`author` AS `skill_author`, `skill`.`category_id` AS `skill_category_id`, `skill`.`source_type` AS `skill_source_type`, `skill`.`source_url` AS `skill_source_url`, `skill`.`source_url_name` AS `skill_source_url_name`, `skill`.`submitter_id` AS `skill_submitter_id`, `skill`.`status` AS `skill_status`, `skill`.`visibility_type` AS `skill_visibility_type`, `skill`.`created_at` AS `skill_created_at`, `skill`.`updated_at` AS `skill_updated_at`, `category`.`id` AS `category_id`, `category`.`name` AS `category_name`, `category`.`description` AS `category_description`, `category`.`sort_order` AS `category_sort_order`, `category`.`created_at` AS `category_created_at`, `submitter`.`id` AS `submitter_id`, `submitter`.`username` AS `submitter_username`, `submitter`.`real_name` AS `submitter_real_name`, `submitter`.`department_id` AS `submitter_department_id`, `submitter`.`email` AS `submitter_email`, `submitter`.`phone` AS `submitter_phone`, `submitter`.`status` AS `submitter_status`, `submitter`.`created_at` AS `submitter_created_at`, `submitter`.`updated_at` AS `submitter_updated_at`, `version`.`id` AS `version_id`, `version`.`skill_id` AS `version_skill_id`, `version`.`version_number` AS `version_version_number`, `version`.`zip_path` AS `version_zip_path`, `version`.`zip_size` AS `version_zip_size`, `version`.`change_log` AS `version_change_log`, `version`.`uploader_id` AS `version_uploader_id`, `version`.`status` AS `version_status`, `version`.`created_at` AS `version_created_at` FROM `skills` `skill` LEFT JOIN `skill_categories` `category` ON `category`.`id`=`skill`.`category_id`  LEFT JOIN `users` `submitter` ON `submitter`.`id`=`skill`.`submitter_id`  LEFT JOIN `skill_versions` `version` ON `version`.`skill_id`=`skill`.`id` WHERE `skill`.`status` = ?) `distinctAlias` ORDER BY `distinctAlias`.`skill_created_at` DESC, `skill_id` ASC LIMIT 12 OFFSET 0 -- PARAMETERS: ["published"]
query: SELECT `SkillCategory`.`id` AS `SkillCategory_id`, `SkillCategory`.`name` AS `SkillCategory_name`, `SkillCategory`.`description` AS `SkillCategory_description`, `SkillCategory`.`sort_order` AS `SkillCategory_sort_order`, `SkillCategory`.`created_at` AS `SkillCategory_created_at` FROM `skill_categories` `SkillCategory` ORDER BY `SkillCategory`.`sort_order` ASC, `SkillCategory`.`id` ASC
query: SELECT DISTINCT `distinctAlias`.`project_id` AS `ids_project_id`, `distinctAlias`.`project_created_at` FROM (SELECT `project`.`id` AS `project_id`, `project`.`name` AS `project_name`, `project`.`description` AS `project_description`, `project`.`owner_id` AS `project_owner_id`, `project`.`status` AS `project_status`, `project`.`created_at` AS `project_created_at`, `project`.`updated_at` AS `project_updated_at`, `owner`.`id` AS `owner_id`, `owner`.`username` AS `owner_username`, `owner`.`real_name` AS `owner_real_name`, `owner`.`department_id` AS `owner_department_id`, `owner`.`email` AS `owner_email`, `owner`.`phone` AS `owner_phone`, `owner`.`status` AS `owner_status`, `owner`.`created_at` AS `owner_created_at`, `owner`.`updated_at` AS `owner_updated_at` FROM `projects` `project` LEFT JOIN `users` `owner` ON `owner`.`id`=`project`.`owner_id`) `distinctAlias` ORDER BY `distinctAlias`.`project_created_at` DESC, `project_id` ASC LIMIT 100 OFFSET 0
query: SELECT DISTINCT `distinctAlias`.`user_id` AS `ids_user_id` FROM (SELECT `user`.`id` AS `user_id`, `user`.`username` AS `user_username`, `user`.`real_name` AS `user_real_name`, `user`.`department_id` AS `user_department_id`, `user`.`email` AS `user_email`, `user`.`phone` AS `user_phone`, `user`.`status` AS `user_status`, `user`.`created_at` AS `user_created_at`, `user`.`updated_at` AS `user_updated_at`, `department`.`id` AS `department_id`, `department`.`name` AS `department_name`, `department`.`parent_id` AS `department_parent_id`, `department`.`level` AS `department_level`, `department`.`sort_order` AS `department_sort_order`, `department`.`created_at` AS `department_created_at`, `department`.`updated_at` AS `department_updated_at` FROM `users` `user` LEFT JOIN `departments` `department` ON `department`.`id`=`user`.`department_id`) `distinctAlias` ORDER BY `user_id` ASC LIMIT 100 OFFSET 0
query: SELECT `project`.`id` AS `project_id`, `project`.`name` AS `project_name`, `project`.`description` AS `project_description`, `project`.`owner_id` AS `project_owner_id`, `project`.`status` AS `project_status`, `project`.`created_at` AS `project_created_at`, `project`.`updated_at` AS `project_updated_at`, `owner`.`id` AS `owner_id`, `owner`.`username` AS `owner_username`, `owner`.`real_name` AS `owner_real_name`, `owner`.`department_id` AS `owner_department_id`, `owner`.`email` AS `owner_email`, `owner`.`phone` AS `owner_phone`, `owner`.`status` AS `owner_status`, `owner`.`created_at` AS `owner_created_at`, `owner`.`updated_at` AS `owner_updated_at` FROM `projects` `project` LEFT JOIN `users` `owner` ON `owner`.`id`=`project`.`owner_id` WHERE `project`.`id` IN (?) ORDER BY `project`.`created_at` DESC -- PARAMETERS: ["1"]
query: SELECT `user`.`id` AS `user_id`, `user`.`username` AS `user_username`, `user`.`real_name` AS `user_real_name`, `user`.`department_id` AS `user_department_id`, `user`.`email` AS `user_email`, `user`.`phone` AS `user_phone`, `user`.`status` AS `user_status`, `user`.`created_at` AS `user_created_at`, `user`.`updated_at` AS `user_updated_at`, `department`.`id` AS `department_id`, `department`.`name` AS `department_name`, `department`.`parent_id` AS `department_parent_id`, `department`.`level` AS `department_level`, `department`.`sort_order` AS `department_sort_order`, `department`.`created_at` AS `department_created_at`, `department`.`updated_at` AS `department_updated_at` FROM `users` `user` LEFT JOIN `departments` `department` ON `department`.`id`=`user`.`department_id` WHERE `user`.`id` IN (?, ?, ?) -- PARAMETERS: ["1","2","3"]
query: SELECT DISTINCT `distinctAlias`.`Skill_id` AS `ids_Skill_id`, `distinctAlias`.`Skill_created_at` FROM (SELECT `Skill`.`id` AS `Skill_id`, `Skill`.`unique_id` AS `Skill_unique_id`, `Skill`.`name` AS `Skill_name`, `Skill`.`summary` AS `Skill_summary`, `Skill`.`detail` AS `Skill_detail`, `Skill`.`author` AS `Skill_author`, `Skill`.`category_id` AS `Skill_category_id`, `Skill`.`source_type` AS `Skill_source_type`, `Skill`.`source_url` AS `Skill_source_url`, `Skill`.`source_url_name` AS `Skill_source_url_name`, `Skill`.`submitter_id` AS `Skill_submitter_id`, `Skill`.`status` AS `Skill_status`, `Skill`.`visibility_type` AS `Skill_visibility_type`, `Skill`.`created_at` AS `Skill_created_at`, `Skill`.`updated_at` AS `Skill_updated_at`, `Skill__Skill_category`.`id` AS `Skill__Skill_category_id`, `Skill__Skill_category`.`name` AS `Skill__Skill_category_name`, `Skill__Skill_category`.`description` AS `Skill__Skill_category_description`, `Skill__Skill_category`.`sort_order` AS `Skill__Skill_category_sort_order`, `Skill__Skill_category`.`created_at` AS `Skill__Skill_category_created_at` FROM `skills` `Skill` LEFT JOIN `skill_categories` `Skill__Skill_category` ON `Skill__Skill_category`.`id`=`Skill`.`category_id` WHERE ((`Skill`.`submitter_id` = ?))) `distinctAlias` ORDER BY `distinctAlias`.`Skill_created_at` DESC, `Skill_id` ASC LIMIT 10 OFFSET 0 -- PARAMETERS: [1]
query: SELECT `Skill`.`id` AS `Skill_id`, `Skill`.`unique_id` AS `Skill_unique_id`, `Skill`.`name` AS `Skill_name`, `Skill`.`summary` AS `Skill_summary`, `Skill`.`detail` AS `Skill_detail`, `Skill`.`author` AS `Skill_author`, `Skill`.`category_id` AS `Skill_category_id`, `Skill`.`source_type` AS `Skill_source_type`, `Skill`.`source_url` AS `Skill_source_url`, `Skill`.`source_url_name` AS `Skill_source_url_name`, `Skill`.`submitter_id` AS `Skill_submitter_id`, `Skill`.`status` AS `Skill_status`, `Skill`.`visibility_type` AS `Skill_visibility_type`, `Skill`.`created_at` AS `Skill_created_at`, `Skill`.`updated_at` AS `Skill_updated_at`, `Skill__Skill_category`.`id` AS `Skill__Skill_category_id`, `Skill__Skill_category`.`name` AS `Skill__Skill_category_name`, `Skill__Skill_category`.`description` AS `Skill__Skill_category_description`, `Skill__Skill_category`.`sort_order` AS `Skill__Skill_category_sort_order`, `Skill__Skill_category`.`created_at` AS `Skill__Skill_category_created_at` FROM `skills` `Skill` LEFT JOIN `skill_categories` `Skill__Skill_category` ON `Skill__Skill_category`.`id`=`Skill`.`category_id` WHERE ( ((`Skill`.`submitter_id` = ?)) ) AND ( `Skill`.`id` IN (?, ?, ?, ?, ?, ?) ) ORDER BY `Skill`.`created_at` DESC -- PARAMETERS: [1,"7","5","4","3","2","1"]
query: SELECT DISTINCT `distinctAlias`.`review_id` AS `ids_review_id`, `distinctAlias`.`review_created_at` FROM (SELECT `review`.`id` AS `review_id`, `review`.`skill_id` AS `review_skill_id`, `review`.`version_id` AS `review_version_id`, `review`.`reviewer_id` AS `review_reviewer_id`, `review`.`assigned_by` AS `review_assigned_by`, `review`.`status` AS `review_status`, `review`.`comment` AS `review_comment`, `review`.`reviewed_at` AS `review_reviewed_at`, `review`.`created_at` AS `review_created_at`, `skill`.`id` AS `skill_id`, `skill`.`unique_id` AS `skill_unique_id`, `skill`.`name` AS `skill_name`, `skill`.`summary` AS `skill_summary`, `skill`.`detail` AS `skill_detail`, `skill`.`author` AS `skill_author`, `skill`.`category_id` AS `skill_category_id`, `skill`.`source_type` AS `skill_source_type`, `skill`.`source_url` AS `skill_source_url`, `skill`.`source_url_name` AS `skill_source_url_name`, `skill`.`submitter_id` AS `skill_submitter_id`, `skill`.`status` AS `skill_status`, `skill`.`visibility_type` AS `skill_visibility_type`, `skill`.`created_at` AS `skill_created_at`, `skill`.`updated_at` AS `skill_updated_at`, `version`.`id` AS `version_id`, `version`.`skill_id` AS `version_skill_id`, `version`.`version_number` AS `version_version_number`, `version`.`zip_path` AS `version_zip_path`, `version`.`zip_size` AS `version_zip_size`, `version`.`change_log` AS `version_change_log`, `version`.`uploader_id` AS `version_uploader_id`, `version`.`status` AS `version_status`, `version`.`created_at` AS `version_created_at`, `reviewer`.`id` AS `reviewer_id`, `reviewer`.`username` AS `reviewer_username`, `reviewer`.`real_name` AS `reviewer_real_name`, `reviewer`.`department_id` AS `reviewer_department_id`, `reviewer`.`email` AS `reviewer_email`, `reviewer`.`phone` AS `reviewer_phone`, `reviewer`.`status` AS `reviewer_status`, `reviewer`.`created_at` AS `reviewer_created_at`, `reviewer`.`updated_at` AS `reviewer_updated_at` FROM `reviews` `review` LEFT JOIN `skills` `skill` ON `skill`.`id`=`review`.`skill_id`  LEFT JOIN `skill_versions` `version` ON `version`.`id`=`review`.`version_id`  LEFT JOIN `users` `reviewer` ON `reviewer`.`id`=`review`.`reviewer_id` WHERE `review`.`status` = ? AND `review`.`reviewer_id` = ?) `distinctAlias` ORDER BY `distinctAlias`.`review_created_at` DESC, `review_id` ASC LIMIT 10 OFFSET 0 -- PARAMETERS: ["pending",1]
query: SELECT COUNT(1) AS `cnt` FROM `notifications` `Notification` WHERE ((`Notification`.`user_id` = ?) AND (`Notification`.`is_read` = ?)) -- PARAMETERS: [1,0]
query: SELECT DISTINCT `distinctAlias`.`review_id` AS `ids_review_id`, `distinctAlias`.`review_created_at` FROM (SELECT `review`.`id` AS `review_id`, `review`.`skill_id` AS `review_skill_id`, `review`.`version_id` AS `review_version_id`, `review`.`reviewer_id` AS `review_reviewer_id`, `review`.`assigned_by` AS `review_assigned_by`, `review`.`status` AS `review_status`, `review`.`comment` AS `review_comment`, `review`.`reviewed_at` AS `review_reviewed_at`, `review`.`created_at` AS `review_created_at`, `skill`.`id` AS `skill_id`, `skill`.`unique_id` AS `skill_unique_id`, `skill`.`name` AS `skill_name`, `skill`.`summary` AS `skill_summary`, `skill`.`detail` AS `skill_detail`, `skill`.`author` AS `skill_author`, `skill`.`category_id` AS `skill_category_id`, `skill`.`source_type` AS `skill_source_type`, `skill`.`source_url` AS `skill_source_url`, `skill`.`source_url_name` AS `skill_source_url_name`, `skill`.`submitter_id` AS `skill_submitter_id`, `skill`.`status` AS `skill_status`, `skill`.`visibility_type` AS `skill_visibility_type`, `skill`.`created_at` AS `skill_created_at`, `skill`.`updated_at` AS `skill_updated_at`, `version`.`id` AS `version_id`, `version`.`skill_id` AS `version_skill_id`, `version`.`version_number` AS `version_version_number`, `version`.`zip_path` AS `version_zip_path`, `version`.`zip_size` AS `version_zip_size`, `version`.`change_log` AS `version_change_log`, `version`.`uploader_id` AS `version_uploader_id`, `version`.`status` AS `version_status`, `version`.`created_at` AS `version_created_at`, `reviewer`.`id` AS `reviewer_id`, `reviewer`.`username` AS `reviewer_username`, `reviewer`.`real_name` AS `reviewer_real_name`, `reviewer`.`department_id` AS `reviewer_department_id`, `reviewer`.`email` AS `reviewer_email`, `reviewer`.`phone` AS `reviewer_phone`, `reviewer`.`status` AS `reviewer_status`, `reviewer`.`created_at` AS `reviewer_created_at`, `reviewer`.`updated_at` AS `reviewer_updated_at` FROM `reviews` `review` LEFT JOIN `skills` `skill` ON `skill`.`id`=`review`.`skill_id`  LEFT JOIN `skill_versions` `version` ON `version`.`id`=`review`.`version_id`  LEFT JOIN `users` `reviewer` ON `reviewer`.`id`=`review`.`reviewer_id` WHERE `review`.`status` = ? AND `review`.`reviewer_id` = ?) `distinctAlias` ORDER BY `distinctAlias`.`review_created_at` DESC, `review_id` ASC LIMIT 10 OFFSET 0 -- PARAMETERS: ["pending",1]
query: SELECT DISTINCT `distinctAlias`.`Skill_id` AS `ids_Skill_id`, `distinctAlias`.`Skill_created_at` FROM (SELECT `Skill`.`id` AS `Skill_id`, `Skill`.`unique_id` AS `Skill_unique_id`, `Skill`.`name` AS `Skill_name`, `Skill`.`summary` AS `Skill_summary`, `Skill`.`detail` AS `Skill_detail`, `Skill`.`author` AS `Skill_author`, `Skill`.`category_id` AS `Skill_category_id`, `Skill`.`source_type` AS `Skill_source_type`, `Skill`.`source_url` AS `Skill_source_url`, `Skill`.`source_url_name` AS `Skill_source_url_name`, `Skill`.`submitter_id` AS `Skill_submitter_id`, `Skill`.`status` AS `Skill_status`, `Skill`.`visibility_type` AS `Skill_visibility_type`, `Skill`.`created_at` AS `Skill_created_at`, `Skill`.`updated_at` AS `Skill_updated_at`, `Skill__Skill_category`.`id` AS `Skill__Skill_category_id`, `Skill__Skill_category`.`name` AS `Skill__Skill_category_name`, `Skill__Skill_category`.`description` AS `Skill__Skill_category_description`, `Skill__Skill_category`.`sort_order` AS `Skill__Skill_category_sort_order`, `Skill__Skill_category`.`created_at` AS `Skill__Skill_category_created_at` FROM `skills` `Skill` LEFT JOIN `skill_categories` `Skill__Skill_category` ON `Skill__Skill_category`.`id`=`Skill`.`category_id` WHERE ((`Skill`.`submitter_id` = ?))) `distinctAlias` ORDER BY `distinctAlias`.`Skill_created_at` DESC, `Skill_id` ASC LIMIT 10 OFFSET 0 -- PARAMETERS: [1]
query: SELECT `Skill`.`id` AS `Skill_id`, `Skill`.`unique_id` AS `Skill_unique_id`, `Skill`.`name` AS `Skill_name`, `Skill`.`summary` AS `Skill_summary`, `Skill`.`detail` AS `Skill_detail`, `Skill`.`author` AS `Skill_author`, `Skill`.`category_id` AS `Skill_category_id`, `Skill`.`source_type` AS `Skill_source_type`, `Skill`.`source_url` AS `Skill_source_url`, `Skill`.`source_url_name` AS `Skill_source_url_name`, `Skill`.`submitter_id` AS `Skill_submitter_id`, `Skill`.`status` AS `Skill_status`, `Skill`.`visibility_type` AS `Skill_visibility_type`, `Skill`.`created_at` AS `Skill_created_at`, `Skill`.`updated_at` AS `Skill_updated_at`, `Skill__Skill_category`.`id` AS `Skill__Skill_category_id`, `Skill__Skill_category`.`name` AS `Skill__Skill_category_name`, `Skill__Skill_category`.`description` AS `Skill__Skill_category_description`, `Skill__Skill_category`.`sort_order` AS `Skill__Skill_category_sort_order`, `Skill__Skill_category`.`created_at` AS `Skill__Skill_category_created_at` FROM `skills` `Skill` LEFT JOIN `skill_categories` `Skill__Skill_category` ON `Skill__Skill_category`.`id`=`Skill`.`category_id` WHERE ( ((`Skill`.`submitter_id` = ?)) ) AND ( `Skill`.`id` IN (?, ?, ?, ?, ?, ?) ) ORDER BY `Skill`.`created_at` DESC -- PARAMETERS: [1,"7","5","4","3","2","1"]
query: SELECT DISTINCT `distinctAlias`.`review_id` AS `ids_review_id`, `distinctAlias`.`review_created_at` FROM (SELECT `review`.`id` AS `review_id`, `review`.`skill_id` AS `review_skill_id`, `review`.`version_id` AS `review_version_id`, `review`.`reviewer_id` AS `review_reviewer_id`, `review`.`assigned_by` AS `review_assigned_by`, `review`.`status` AS `review_status`, `review`.`comment` AS `review_comment`, `review`.`reviewed_at` AS `review_reviewed_at`, `review`.`created_at` AS `review_created_at`, `skill`.`id` AS `skill_id`, `skill`.`unique_id` AS `skill_unique_id`, `skill`.`name` AS `skill_name`, `skill`.`summary` AS `skill_summary`, `skill`.`detail` AS `skill_detail`, `skill`.`author` AS `skill_author`, `skill`.`category_id` AS `skill_category_id`, `skill`.`source_type` AS `skill_source_type`, `skill`.`source_url` AS `skill_source_url`, `skill`.`source_url_name` AS `skill_source_url_name`, `skill`.`submitter_id` AS `skill_submitter_id`, `skill`.`status` AS `skill_status`, `skill`.`visibility_type` AS `skill_visibility_type`, `skill`.`created_at` AS `skill_created_at`, `skill`.`updated_at` AS `skill_updated_at`, `version`.`id` AS `version_id`, `version`.`skill_id` AS `version_skill_id`, `version`.`version_number` AS `version_version_number`, `version`.`zip_path` AS `version_zip_path`, `version`.`zip_size` AS `version_zip_size`, `version`.`change_log` AS `version_change_log`, `version`.`uploader_id` AS `version_uploader_id`, `version`.`status` AS `version_status`, `version`.`created_at` AS `version_created_at`, `reviewer`.`id` AS `reviewer_id`, `reviewer`.`username` AS `reviewer_username`, `reviewer`.`real_name` AS `reviewer_real_name`, `reviewer`.`department_id` AS `reviewer_department_id`, `reviewer`.`email` AS `reviewer_email`, `reviewer`.`phone` AS `reviewer_phone`, `reviewer`.`status` AS `reviewer_status`, `reviewer`.`created_at` AS `reviewer_created_at`, `reviewer`.`updated_at` AS `reviewer_updated_at` FROM `reviews` `review` LEFT JOIN `skills` `skill` ON `skill`.`id`=`review`.`skill_id`  LEFT JOIN `skill_versions` `version` ON `version`.`id`=`review`.`version_id`  LEFT JOIN `users` `reviewer` ON `reviewer`.`id`=`review`.`reviewer_id` WHERE `review`.`status` = ? AND `review`.`reviewer_id` = ?) `distinctAlias` ORDER BY `distinctAlias`.`review_created_at` DESC, `review_id` ASC LIMIT 10 OFFSET 0 -- PARAMETERS: ["pending",1]
query: SELECT COUNT(1) AS `cnt` FROM `notifications` `Notification` WHERE ((`Notification`.`user_id` = ?) AND (`Notification`.`is_read` = ?)) -- PARAMETERS: [1,0]
query: SELECT DISTINCT `distinctAlias`.`review_id` AS `ids_review_id`, `distinctAlias`.`review_created_at` FROM (SELECT `review`.`id` AS `review_id`, `review`.`skill_id` AS `review_skill_id`, `review`.`version_id` AS `review_version_id`, `review`.`reviewer_id` AS `review_reviewer_id`, `review`.`assigned_by` AS `review_assigned_by`, `review`.`status` AS `review_status`, `review`.`comment` AS `review_comment`, `review`.`reviewed_at` AS `review_reviewed_at`, `review`.`created_at` AS `review_created_at`, `skill`.`id` AS `skill_id`, `skill`.`unique_id` AS `skill_unique_id`, `skill`.`name` AS `skill_name`, `skill`.`summary` AS `skill_summary`, `skill`.`detail` AS `skill_detail`, `skill`.`author` AS `skill_author`, `skill`.`category_id` AS `skill_category_id`, `skill`.`source_type` AS `skill_source_type`, `skill`.`source_url` AS `skill_source_url`, `skill`.`source_url_name` AS `skill_source_url_name`, `skill`.`submitter_id` AS `skill_submitter_id`, `skill`.`status` AS `skill_status`, `skill`.`visibility_type` AS `skill_visibility_type`, `skill`.`created_at` AS `skill_created_at`, `skill`.`updated_at` AS `skill_updated_at`, `version`.`id` AS `version_id`, `version`.`skill_id` AS `version_skill_id`, `version`.`version_number` AS `version_version_number`, `version`.`zip_path` AS `version_zip_path`, `version`.`zip_size` AS `version_zip_size`, `version`.`change_log` AS `version_change_log`, `version`.`uploader_id` AS `version_uploader_id`, `version`.`status` AS `version_status`, `version`.`created_at` AS `version_created_at`, `reviewer`.`id` AS `reviewer_id`, `reviewer`.`username` AS `reviewer_username`, `reviewer`.`real_name` AS `reviewer_real_name`, `reviewer`.`department_id` AS `reviewer_department_id`, `reviewer`.`email` AS `reviewer_email`, `reviewer`.`phone` AS `reviewer_phone`, `reviewer`.`status` AS `reviewer_status`, `reviewer`.`created_at` AS `reviewer_created_at`, `reviewer`.`updated_at` AS `reviewer_updated_at` FROM `reviews` `review` LEFT JOIN `skills` `skill` ON `skill`.`id`=`review`.`skill_id`  LEFT JOIN `skill_versions` `version` ON `version`.`id`=`review`.`version_id`  LEFT JOIN `users` `reviewer` ON `reviewer`.`id`=`review`.`reviewer_id` WHERE `review`.`status` = ? AND `review`.`reviewer_id` = ?) `distinctAlias` ORDER BY `distinctAlias`.`review_created_at` DESC, `review_id` ASC LIMIT 10 OFFSET 0 -- PARAMETERS: ["pending",1]
query: SELECT `SkillCategory`.`id` AS `SkillCategory_id`, `SkillCategory`.`name` AS `SkillCategory_name`, `SkillCategory`.`description` AS `SkillCategory_description`, `SkillCategory`.`sort_order` AS `SkillCategory_sort_order`, `SkillCategory`.`created_at` AS `SkillCategory_created_at` FROM `skill_categories` `SkillCategory` ORDER BY `SkillCategory`.`sort_order` ASC, `SkillCategory`.`id` ASC
query: SELECT `ProjectMember`.`id` AS `ProjectMember_id`, `ProjectMember`.`project_id` AS `ProjectMember_project_id`, `ProjectMember`.`user_id` AS `ProjectMember_user_id`, `ProjectMember`.`role` AS `ProjectMember_role`, `ProjectMember`.`joined_at` AS `ProjectMember_joined_at` FROM `project_members` `ProjectMember` WHERE ((`ProjectMember`.`user_id` = ?)) -- PARAMETERS: [1]
query: SELECT DISTINCT `distinctAlias`.`skill_id` AS `ids_skill_id`, `distinctAlias`.`skill_created_at` FROM (SELECT `skill`.`id` AS `skill_id`, `skill`.`unique_id` AS `skill_unique_id`, `skill`.`name` AS `skill_name`, `skill`.`summary` AS `skill_summary`, `skill`.`detail` AS `skill_detail`, `skill`.`author` AS `skill_author`, `skill`.`category_id` AS `skill_category_id`, `skill`.`source_type` AS `skill_source_type`, `skill`.`source_url` AS `skill_source_url`, `skill`.`source_url_name` AS `skill_source_url_name`, `skill`.`submitter_id` AS `skill_submitter_id`, `skill`.`status` AS `skill_status`, `skill`.`visibility_type` AS `skill_visibility_type`, `skill`.`created_at` AS `skill_created_at`, `skill`.`updated_at` AS `skill_updated_at`, `category`.`id` AS `category_id`, `category`.`name` AS `category_name`, `category`.`description` AS `category_description`, `category`.`sort_order` AS `category_sort_order`, `category`.`created_at` AS `category_created_at`, `submitter`.`id` AS `submitter_id`, `submitter`.`username` AS `submitter_username`, `submitter`.`real_name` AS `submitter_real_name`, `submitter`.`department_id` AS `submitter_department_id`, `submitter`.`email` AS `submitter_email`, `submitter`.`phone` AS `submitter_phone`, `submitter`.`status` AS `submitter_status`, `submitter`.`created_at` AS `submitter_created_at`, `submitter`.`updated_at` AS `submitter_updated_at`, `version`.`id` AS `version_id`, `version`.`skill_id` AS `version_skill_id`, `version`.`version_number` AS `version_version_number`, `version`.`zip_path` AS `version_zip_path`, `version`.`zip_size` AS `version_zip_size`, `version`.`change_log` AS `version_change_log`, `version`.`uploader_id` AS `version_uploader_id`, `version`.`status` AS `version_status`, `version`.`created_at` AS `version_created_at` FROM `skills` `skill` LEFT JOIN `skill_categories` `category` ON `category`.`id`=`skill`.`category_id`  LEFT JOIN `users` `submitter` ON `submitter`.`id`=`skill`.`submitter_id`  LEFT JOIN `skill_versions` `version` ON `version`.`skill_id`=`skill`.`id` WHERE `skill`.`status` = ?) `distinctAlias` ORDER BY `distinctAlias`.`skill_created_at` DESC, `skill_id` ASC LIMIT 12 OFFSET 0 -- PARAMETERS: ["published"]
query: SELECT `SkillCategory`.`id` AS `SkillCategory_id`, `SkillCategory`.`name` AS `SkillCategory_name`, `SkillCategory`.`description` AS `SkillCategory_description`, `SkillCategory`.`sort_order` AS `SkillCategory_sort_order`, `SkillCategory`.`created_at` AS `SkillCategory_created_at` FROM `skill_categories` `SkillCategory` ORDER BY `SkillCategory`.`sort_order` ASC, `SkillCategory`.`id` ASC
query: SELECT DISTINCT `distinctAlias`.`project_id` AS `ids_project_id`, `distinctAlias`.`project_created_at` FROM (SELECT `project`.`id` AS `project_id`, `project`.`name` AS `project_name`, `project`.`description` AS `project_description`, `project`.`owner_id` AS `project_owner_id`, `project`.`status` AS `project_status`, `project`.`created_at` AS `project_created_at`, `project`.`updated_at` AS `project_updated_at`, `owner`.`id` AS `owner_id`, `owner`.`username` AS `owner_username`, `owner`.`real_name` AS `owner_real_name`, `owner`.`department_id` AS `owner_department_id`, `owner`.`email` AS `owner_email`, `owner`.`phone` AS `owner_phone`, `owner`.`status` AS `owner_status`, `owner`.`created_at` AS `owner_created_at`, `owner`.`updated_at` AS `owner_updated_at` FROM `projects` `project` LEFT JOIN `users` `owner` ON `owner`.`id`=`project`.`owner_id`) `distinctAlias` ORDER BY `distinctAlias`.`project_created_at` DESC, `project_id` ASC LIMIT 100 OFFSET 0
query: SELECT DISTINCT `distinctAlias`.`user_id` AS `ids_user_id` FROM (SELECT `user`.`id` AS `user_id`, `user`.`username` AS `user_username`, `user`.`real_name` AS `user_real_name`, `user`.`department_id` AS `user_department_id`, `user`.`email` AS `user_email`, `user`.`phone` AS `user_phone`, `user`.`status` AS `user_status`, `user`.`created_at` AS `user_created_at`, `user`.`updated_at` AS `user_updated_at`, `department`.`id` AS `department_id`, `department`.`name` AS `department_name`, `department`.`parent_id` AS `department_parent_id`, `department`.`level` AS `department_level`, `department`.`sort_order` AS `department_sort_order`, `department`.`created_at` AS `department_created_at`, `department`.`updated_at` AS `department_updated_at` FROM `users` `user` LEFT JOIN `departments` `department` ON `department`.`id`=`user`.`department_id`) `distinctAlias` ORDER BY `user_id` ASC LIMIT 100 OFFSET 0
query: SELECT `project`.`id` AS `project_id`, `project`.`name` AS `project_name`, `project`.`description` AS `project_description`, `project`.`owner_id` AS `project_owner_id`, `project`.`status` AS `project_status`, `project`.`created_at` AS `project_created_at`, `project`.`updated_at` AS `project_updated_at`, `owner`.`id` AS `owner_id`, `owner`.`username` AS `owner_username`, `owner`.`real_name` AS `owner_real_name`, `owner`.`department_id` AS `owner_department_id`, `owner`.`email` AS `owner_email`, `owner`.`phone` AS `owner_phone`, `owner`.`status` AS `owner_status`, `owner`.`created_at` AS `owner_created_at`, `owner`.`updated_at` AS `owner_updated_at` FROM `projects` `project` LEFT JOIN `users` `owner` ON `owner`.`id`=`project`.`owner_id` WHERE `project`.`id` IN (?) ORDER BY `project`.`created_at` DESC -- PARAMETERS: ["1"]
query: SELECT `user`.`id` AS `user_id`, `user`.`username` AS `user_username`, `user`.`real_name` AS `user_real_name`, `user`.`department_id` AS `user_department_id`, `user`.`email` AS `user_email`, `user`.`phone` AS `user_phone`, `user`.`status` AS `user_status`, `user`.`created_at` AS `user_created_at`, `user`.`updated_at` AS `user_updated_at`, `department`.`id` AS `department_id`, `department`.`name` AS `department_name`, `department`.`parent_id` AS `department_parent_id`, `department`.`level` AS `department_level`, `department`.`sort_order` AS `department_sort_order`, `department`.`created_at` AS `department_created_at`, `department`.`updated_at` AS `department_updated_at` FROM `users` `user` LEFT JOIN `departments` `department` ON `department`.`id`=`user`.`department_id` WHERE `user`.`id` IN (?, ?, ?) -- PARAMETERS: ["1","2","3"]
query: SELECT DISTINCT `distinctAlias`.`Skill_id` AS `ids_Skill_id`, `distinctAlias`.`Skill_created_at` FROM (SELECT `Skill`.`id` AS `Skill_id`, `Skill`.`unique_id` AS `Skill_unique_id`, `Skill`.`name` AS `Skill_name`, `Skill`.`summary` AS `Skill_summary`, `Skill`.`detail` AS `Skill_detail`, `Skill`.`author` AS `Skill_author`, `Skill`.`category_id` AS `Skill_category_id`, `Skill`.`source_type` AS `Skill_source_type`, `Skill`.`source_url` AS `Skill_source_url`, `Skill`.`source_url_name` AS `Skill_source_url_name`, `Skill`.`submitter_id` AS `Skill_submitter_id`, `Skill`.`status` AS `Skill_status`, `Skill`.`visibility_type` AS `Skill_visibility_type`, `Skill`.`created_at` AS `Skill_created_at`, `Skill`.`updated_at` AS `Skill_updated_at`, `Skill__Skill_category`.`id` AS `Skill__Skill_category_id`, `Skill__Skill_category`.`name` AS `Skill__Skill_category_name`, `Skill__Skill_category`.`description` AS `Skill__Skill_category_description`, `Skill__Skill_category`.`sort_order` AS `Skill__Skill_category_sort_order`, `Skill__Skill_category`.`created_at` AS `Skill__Skill_category_created_at` FROM `skills` `Skill` LEFT JOIN `skill_categories` `Skill__Skill_category` ON `Skill__Skill_category`.`id`=`Skill`.`category_id` WHERE ((`Skill`.`submitter_id` = ?))) `distinctAlias` ORDER BY `distinctAlias`.`Skill_created_at` DESC, `Skill_id` ASC LIMIT 10 OFFSET 0 -- PARAMETERS: [1]
query: SELECT `Skill`.`id` AS `Skill_id`, `Skill`.`unique_id` AS `Skill_unique_id`, `Skill`.`name` AS `Skill_name`, `Skill`.`summary` AS `Skill_summary`, `Skill`.`detail` AS `Skill_detail`, `Skill`.`author` AS `Skill_author`, `Skill`.`category_id` AS `Skill_category_id`, `Skill`.`source_type` AS `Skill_source_type`, `Skill`.`source_url` AS `Skill_source_url`, `Skill`.`source_url_name` AS `Skill_source_url_name`, `Skill`.`submitter_id` AS `Skill_submitter_id`, `Skill`.`status` AS `Skill_status`, `Skill`.`visibility_type` AS `Skill_visibility_type`, `Skill`.`created_at` AS `Skill_created_at`, `Skill`.`updated_at` AS `Skill_updated_at`, `Skill__Skill_category`.`id` AS `Skill__Skill_category_id`, `Skill__Skill_category`.`name` AS `Skill__Skill_category_name`, `Skill__Skill_category`.`description` AS `Skill__Skill_category_description`, `Skill__Skill_category`.`sort_order` AS `Skill__Skill_category_sort_order`, `Skill__Skill_category`.`created_at` AS `Skill__Skill_category_created_at` FROM `skills` `Skill` LEFT JOIN `skill_categories` `Skill__Skill_category` ON `Skill__Skill_category`.`id`=`Skill`.`category_id` WHERE ( ((`Skill`.`submitter_id` = ?)) ) AND ( `Skill`.`id` IN (?, ?, ?, ?, ?, ?) ) ORDER BY `Skill`.`created_at` DESC -- PARAMETERS: [1,"7","5","4","3","2","1"]
query: SELECT DISTINCT `distinctAlias`.`review_id` AS `ids_review_id`, `distinctAlias`.`review_created_at` FROM (SELECT `review`.`id` AS `review_id`, `review`.`skill_id` AS `review_skill_id`, `review`.`version_id` AS `review_version_id`, `review`.`reviewer_id` AS `review_reviewer_id`, `review`.`assigned_by` AS `review_assigned_by`, `review`.`status` AS `review_status`, `review`.`comment` AS `review_comment`, `review`.`reviewed_at` AS `review_reviewed_at`, `review`.`created_at` AS `review_created_at`, `skill`.`id` AS `skill_id`, `skill`.`unique_id` AS `skill_unique_id`, `skill`.`name` AS `skill_name`, `skill`.`summary` AS `skill_summary`, `skill`.`detail` AS `skill_detail`, `skill`.`author` AS `skill_author`, `skill`.`category_id` AS `skill_category_id`, `skill`.`source_type` AS `skill_source_type`, `skill`.`source_url` AS `skill_source_url`, `skill`.`source_url_name` AS `skill_source_url_name`, `skill`.`submitter_id` AS `skill_submitter_id`, `skill`.`status` AS `skill_status`, `skill`.`visibility_type` AS `skill_visibility_type`, `skill`.`created_at` AS `skill_created_at`, `skill`.`updated_at` AS `skill_updated_at`, `version`.`id` AS `version_id`, `version`.`skill_id` AS `version_skill_id`, `version`.`version_number` AS `version_version_number`, `version`.`zip_path` AS `version_zip_path`, `version`.`zip_size` AS `version_zip_size`, `version`.`change_log` AS `version_change_log`, `version`.`uploader_id` AS `version_uploader_id`, `version`.`status` AS `version_status`, `version`.`created_at` AS `version_created_at`, `reviewer`.`id` AS `reviewer_id`, `reviewer`.`username` AS `reviewer_username`, `reviewer`.`real_name` AS `reviewer_real_name`, `reviewer`.`department_id` AS `reviewer_department_id`, `reviewer`.`email` AS `reviewer_email`, `reviewer`.`phone` AS `reviewer_phone`, `reviewer`.`status` AS `reviewer_status`, `reviewer`.`created_at` AS `reviewer_created_at`, `reviewer`.`updated_at` AS `reviewer_updated_at` FROM `reviews` `review` LEFT JOIN `skills` `skill` ON `skill`.`id`=`review`.`skill_id`  LEFT JOIN `skill_versions` `version` ON `version`.`id`=`review`.`version_id`  LEFT JOIN `users` `reviewer` ON `reviewer`.`id`=`review`.`reviewer_id` WHERE `review`.`status` = ? AND `review`.`reviewer_id` = ?) `distinctAlias` ORDER BY `distinctAlias`.`review_created_at` DESC, `review_id` ASC LIMIT 10 OFFSET 0 -- PARAMETERS: ["pending",1]
query: SELECT DISTINCT `distinctAlias`.`review_id` AS `ids_review_id`, `distinctAlias`.`review_created_at` FROM (SELECT `review`.`id` AS `review_id`, `review`.`skill_id` AS `review_skill_id`, `review`.`version_id` AS `review_version_id`, `review`.`reviewer_id` AS `review_reviewer_id`, `review`.`assigned_by` AS `review_assigned_by`, `review`.`status` AS `review_status`, `review`.`comment` AS `review_comment`, `review`.`reviewed_at` AS `review_reviewed_at`, `review`.`created_at` AS `review_created_at`, `skill`.`id` AS `skill_id`, `skill`.`unique_id` AS `skill_unique_id`, `skill`.`name` AS `skill_name`, `skill`.`summary` AS `skill_summary`, `skill`.`detail` AS `skill_detail`, `skill`.`author` AS `skill_author`, `skill`.`category_id` AS `skill_category_id`, `skill`.`source_type` AS `skill_source_type`, `skill`.`source_url` AS `skill_source_url`, `skill`.`source_url_name` AS `skill_source_url_name`, `skill`.`submitter_id` AS `skill_submitter_id`, `skill`.`status` AS `skill_status`, `skill`.`visibility_type` AS `skill_visibility_type`, `skill`.`created_at` AS `skill_created_at`, `skill`.`updated_at` AS `skill_updated_at`, `version`.`id` AS `version_id`, `version`.`skill_id` AS `version_skill_id`, `version`.`version_number` AS `version_version_number`, `version`.`zip_path` AS `version_zip_path`, `version`.`zip_size` AS `version_zip_size`, `version`.`change_log` AS `version_change_log`, `version`.`uploader_id` AS `version_uploader_id`, `version`.`status` AS `version_status`, `version`.`created_at` AS `version_created_at`, `reviewer`.`id` AS `reviewer_id`, `reviewer`.`username` AS `reviewer_username`, `reviewer`.`real_name` AS `reviewer_real_name`, `reviewer`.`department_id` AS `reviewer_department_id`, `reviewer`.`email` AS `reviewer_email`, `reviewer`.`phone` AS `reviewer_phone`, `reviewer`.`status` AS `reviewer_status`, `reviewer`.`created_at` AS `reviewer_created_at`, `reviewer`.`updated_at` AS `reviewer_updated_at` FROM `reviews` `review` LEFT JOIN `skills` `skill` ON `skill`.`id`=`review`.`skill_id`  LEFT JOIN `skill_versions` `version` ON `version`.`id`=`review`.`version_id`  LEFT JOIN `users` `reviewer` ON `reviewer`.`id`=`review`.`reviewer_id` WHERE `review`.`status` = ? AND `review`.`reviewer_id` = ?) `distinctAlias` ORDER BY `distinctAlias`.`review_created_at` DESC, `review_id` ASC LIMIT 10 OFFSET 0 -- PARAMETERS: ["pending",1]
